record_id,employee,team,date,department,status,quantity,target,actual_value,region,product_category
SLS-0001,Anita Desai,Sales Team B,2026-09-25,Wholesale,Closed,53,52864.0,50836.87,East,Furniture
SLS-0002,Anjali Singh,Sales Team B,2026-09-24,Wholesale,Lost,43,18604.0,0.0,East,Clothing
SLS-0003,Sneha Reddy,Sales Team B,2026-09-17,Retail,Closed,29,41223.0,41527.71,West,Electronics
SLS-0004,Tarun Kapoor,Sales Team B,2026-09-26,Wholesale,Closed,32,51332.0,54946.12,North,Clothing
SLS-0005,Manoj Tiwari,Sales Team B,2026-09-22,Retail,Closed,50,20162.0,25651.45,North,Furniture
SLS-0006,Kiran Das,Sales Team B,2026-09-03,Wholesale,Closed,13,54847.0,69170.92,South,Clothing
SLS-0007,Meera Pillai,Sales Team B,2026-09-19,Retail,Closed,7,43647.0,41161.43,West,Furniture
SLS-0008,Sneha Reddy,Sales Team B,2026-09-22,Online,Closed,21,33295.0,33359.73,North,Clothing
SLS-0009,Rajesh Kumar,Sales Team A,2026-09-24,Online,Closed,55,21941.0,27144.61,North,Electronics
SLS-0010,Meera Pillai,Sales Team C,2026-09-10,Wholesale,Closed,34,59633.0,69657.54,East,Furniture
SLS-0011,Sunita Sharma,Sales Team A,2026-09-07,Retail,Closed,43,26994.0,33705.96,North,Furniture
SLS-0012,Lakshmi Bhat,Sales Team A,2026-09-01,Wholesale,Closed,15,52978.0,57790.94,West,Clothing
SLS-0013,Geeta Yadav,Sales Team C,2026-09-24,Wholesale,Closed,57,50418.0,52651.09,West,Furniture
SLS-0014,Amit Patel,Sales Team A,2026-09-05,Retail,Closed,57,11041.0,13010.86,South,Electronics
SLS-0015,Ravi Menon,Sales Team B,2026-09-21,Retail,Closed,32,51029.0,63443.12,South,Electronics
SLS-0016,Deepa Joshi,Sales Team B,2026-09-05,Wholesale,Closed,12,20885.0,26335.28,West,Furniture
SLS-0017,Neha Agarwal,Sales Team A,2026-09-28,Wholesale,Closed,17,29322.0,33068.54,West,Electronics
SLS-0018,Manoj Tiwari,Sales Team A,2026-09-04,Online,Pipeline,32,37242.0,0.0,West,Clothing
SLS-0019,Rahul Mishra,Sales Team C,2026-09-24,Online,Lost,7,41948.0,0.0,West,Furniture
SLS-0020,Sanjay Verma,Sales Team C,2026-09-24,Online,Lost,57,41975.0,0.0,South,Clothing
SLS-0021,Priya Sharma,Sales Team C,2026-09-01,Wholesale,Closed,40,14162.0,14263.11,West,Furniture
SLS-0022,Sneha Reddy,Sales Team B,2026-09-20,Online,Closed,49,38588.0,35050.36,East,Clothing
SLS-0023,Ravi Menon,Sales Team B,2026-09-12,Wholesale,Closed,19,48512.0,61301.12,East,Clothing
SLS-0024,Bhavna Patel,Sales Team C,2026-09-22,Wholesale,Closed,23,57382.0,67972.08,West,Clothing
SLS-0025,Ramesh Pandey,Sales Team C,2026-09-12,Wholesale,Pipeline,59,20618.0,0.0,South,Furniture
SLS-0026,Ashok Mehta,Sales Team C,2026-09-03,Online,Closed,16,23073.0,22208.35,West,Electronics
SLS-0027,Anjali Singh,Sales Team B,2026-09-16,Wholesale,Closed,40,13083.0,17004.03,East,Furniture
SLS-0028,Pooja Gupta,Sales Team C,2026-09-06,Retail,Pipeline,37,12095.0,0.0,North,Furniture
SLS-0029,Meera Pillai,Sales Team A,2026-09-20,Retail,Closed,19,41874.0,42005.02,East,Furniture
SLS-0030,Tarun Kapoor,Sales Team A,2026-09-25,Online,Closed,14,55228.0,69006.19,North,Clothing
SLS-0031,Priya Sharma,Sales Team B,2026-09-26,Wholesale,Lost,53,17269.0,0.0,North,Clothing
SLS-0032,Divya Saxena,Sales Team A,2026-09-27,Online,Closed,11,20947.0,24130.32,South,Furniture
SLS-0033,Anita Desai,Sales Team C,2026-09-10,Online,Closed,37,42662.0,50896.65,North,Electronics
SLS-0034,Ramesh Pandey,Sales Team B,2026-09-11,Retail,Closed,17,38777.0,49939.14,North,Electronics
SLS-0035,Siddharth Rao,Sales Team B,2026-09-11,Wholesale,Closed,10,27433.0,28776.52,West,Furniture
SLS-0036,Ramesh Pandey,Sales Team C,2026-09-08,Retail,Closed,38,37637.0,45724.68,South,Furniture
SLS-0037,Meera Pillai,Sales Team B,2026-09-29,Wholesale,Lost,38,54708.0,0.0,East,Electronics
SLS-0038,Kiran Das,Sales Team A,2026-09-25,Retail,Closed,38,14560.0,13597.75,East,Furniture
SLS-0039,Tarun Kapoor,Sales Team A,2026-09-14,Retail,Closed,7,53265.0,67593.69,South,Clothing
SLS-0040,Priya Sharma,Sales Team C,2026-09-23,Online,Pipeline,23,37479.0,0.0,West,Clothing
SLS-0041,Ashok Mehta,Sales Team C,2026-09-28,Wholesale,Closed,25,32554.0,29401.5,East,Clothing
SLS-0042,Divya Saxena,Sales Team A,2026-09-23,Wholesale,Closed,18,45679.0,52519.15,West,Clothing
SLS-0043,Pooja Gupta,Sales Team C,2026-09-13,Retail,Pipeline,10,12422.0,0.0,East,Furniture
SLS-0044,Geeta Yadav,Sales Team C,2026-09-24,Retail,Closed,39,28607.0,28192.02,East,Clothing
SLS-0045,Manoj Tiwari,Sales Team C,2026-09-06,Retail,Closed,55,45385.0,51602.81,South,Furniture
SLS-0046,Geeta Yadav,Sales Team B,2026-09-17,Retail,Closed,58,34443.0,34577.42,East,Electronics
SLS-0047,Priya Sharma,Sales Team C,2026-09-04,Wholesale,Closed,52,10341.0,11181.3,South,Clothing
SLS-0048,Rahul Mishra,Sales Team C,2026-09-23,Online,Closed,59,49029.0,48712.04,East,Furniture
SLS-0049,Swati Kulkarni,Sales Team C,2026-09-19,Online,Closed,29,44056.0,52647.14,North,Furniture
SLS-0050,Sanjay Verma,Sales Team C,2026-09-07,Wholesale,Closed,14,56638.0,60618.34,West,Electronics
SLS-0051,Amit Patel,Sales Team A,2026-09-14,Retail,Closed,33,15116.0,15837.3,West,Clothing
SLS-0052,Lakshmi Bhat,Sales Team C,2026-09-25,Wholesale,Pipeline,42,42691.0,0.0,West,Furniture
SLS-0053,Ashok Mehta,Sales Team B,2026-09-24,Wholesale,Pipeline,14,43147.0,0.0,South,Furniture
SLS-0054,Ashok Mehta,Sales Team B,2026-09-05,Online,Closed,38,17737.0,20890.43,West,Furniture
SLS-0055,Priya Sharma,Sales Team C,2026-09-06,Online,Closed,12,49426.0,61334.06,North,Electronics
SLS-0056,Pooja Gupta,Sales Team C,2026-09-10,Retail,Closed,12,34344.0,35098.53,East,Furniture
SLS-0057,Deepa Joshi,Sales Team B,2026-09-01,Retail,Closed,42,37640.0,34608.49,East,Furniture
SLS-0058,Ravi Menon,Sales Team A,2026-09-27,Online,Closed,12,45883.0,47693.52,North,Furniture
SLS-0059,Neha Agarwal,Sales Team C,2026-09-10,Online,Closed,26,34727.0,37855.59,South,Electronics
SLS-0060,Sanjay Verma,Sales Team C,2026-09-15,Wholesale,Closed,14,57701.0,59437.02,West,Furniture
SLS-0061,Kavita Nair,Sales Team B,2026-09-11,Online,Closed,47,39038.0,46625.63,North,Electronics
SLS-0062,Ashok Mehta,Sales Team A,2026-09-19,Online,Pipeline,50,30240.0,0.0,North,Clothing
SLS-0063,Lakshmi Bhat,Sales Team A,2026-09-07,Online,Closed,53,13465.0,17274.48,South,Furniture
SLS-0064,Sanjay Verma,Sales Team A,2026-09-04,Online,Lost,16,11243.0,0.0,East,Electronics
SLS-0065,Kavita Nair,Sales Team C,2026-09-27,Online,Closed,56,44966.0,51384.53,West,Clothing
SLS-0066,Priya Sharma,Sales Team B,2026-09-28,Retail,Closed,16,37193.0,33831.6,East,Furniture
SLS-0067,Suresh Iyer,Sales Team A,2026-09-04,Retail,Closed,23,19439.0,18915.46,North,Electronics
SLS-0068,Deepa Joshi,Sales Team B,2026-09-22,Retail,Closed,25,21892.0,19940.73,North,Furniture
SLS-0069,Arjun Rao,Sales Team A,2026-09-11,Retail,Closed,25,26903.0,28253.67,North,Electronics
SLS-0070,Ravi Menon,Sales Team A,2026-09-25,Online,Closed,36,43333.0,52041.03,West,Electronics
SLS-0071,Suresh Iyer,Sales Team A,2026-09-11,Wholesale,Closed,9,41730.0,38039.51,South,Electronics
SLS-0072,Suresh Iyer,Sales Team C,2026-09-19,Online,Closed,53,46353.0,53798.24,South,Furniture
SLS-0073,Rahul Mishra,Sales Team B,2026-09-15,Retail,Pipeline,37,23333.0,0.0,South,Furniture
SLS-0074,Lakshmi Bhat,Sales Team A,2026-09-26,Retail,Closed,32,46382.0,50124.88,North,Furniture
SLS-0075,Siddharth Rao,Sales Team C,2026-09-10,Online,Lost,5,13943.0,0.0,West,Furniture
SLS-0076,Divya Saxena,Sales Team B,2026-09-27,Online,Closed,27,51432.0,50665.75,East,Electronics
SLS-0077,Anita Desai,Sales Team C,2026-09-18,Online,Closed,10,35906.0,42346.52,South,Clothing
SLS-0078,Lakshmi Bhat,Sales Team B,2026-09-29,Wholesale,Closed,37,30860.0,38685.25,East,Clothing
SLS-0079,Suresh Iyer,Sales Team C,2026-09-15,Wholesale,Closed,25,32389.0,31878.86,East,Electronics
SLS-0080,Sunita Sharma,Sales Team C,2026-09-05,Online,Lost,43,41229.0,0.0,North,Electronics
SLS-0081,Swati Kulkarni,Sales Team A,2026-09-14,Online,Pipeline,50,42045.0,0.0,West,Clothing
SLS-0082,Amit Patel,Sales Team C,2026-09-21,Retail,Closed,58,54014.0,58230.91,North,Furniture
SLS-0083,Siddharth Rao,Sales Team B,2026-09-27,Online,Closed,16,55680.0,72023.09,North,Furniture
SLS-0084,Pooja Gupta,Sales Team A,2026-09-15,Retail,Closed,6,59703.0,60446.53,East,Electronics
SLS-0085,Amit Patel,Sales Team C,2026-09-21,Wholesale,Pipeline,19,25352.0,0.0,West,Furniture
SLS-0086,Priya Sharma,Sales Team B,2026-09-16,Online,Closed,18,10467.0,10241.28,West,Electronics
SLS-0087,Bhavna Patel,Sales Team B,2026-09-19,Online,Closed,40,22698.0,26419.0,South,Electronics
SLS-0088,Rahul Mishra,Sales Team A,2026-09-24,Retail,Closed,41,24939.0,31233.63,East,Electronics
SLS-0089,Bhavna Patel,Sales Team C,2026-09-01,Online,Closed,44,26575.0,31153.13,West,Electronics
SLS-0090,Meera Pillai,Sales Team C,2026-09-22,Online,Closed,25,38347.0,47463.49,West,Furniture
SLS-0091,Sneha Reddy,Sales Team C,2026-09-17,Wholesale,Closed,38,59743.0,54807.38,South,Electronics
SLS-0092,Suresh Iyer,Sales Team B,2026-09-18,Wholesale,Closed,30,22753.0,23523.92,North,Clothing
SLS-0093,Kavita Nair,Sales Team C,2026-09-14,Retail,Lost,17,20779.0,0.0,East,Furniture
SLS-0094,Amit Patel,Sales Team C,2026-09-21,Retail,Closed,32,11574.0,13159.78,East,Furniture
SLS-0095,Kavita Nair,Sales Team A,2026-09-16,Retail,Lost,58,13567.0,0.0,East,Clothing
SLS-0096,Anjali Singh,Sales Team A,2026-09-03,Online,Closed,53,16269.0,18711.62,North,Electronics
SLS-0097,Priya Sharma,Sales Team A,2026-09-13,Wholesale,Pipeline,49,14261.0,0.0,South,Electronics
SLS-0098,Sunita Sharma,Sales Team B,2026-09-02,Wholesale,Closed,32,14311.0,13462.8,North,Clothing
SLS-0099,Priya Sharma,Sales Team B,2026-09-28,Wholesale,Closed,44,59280.0,63100.19,North,Furniture
SLS-0100,Arjun Rao,Sales Team B,2026-09-26,Wholesale,Pipeline,44,16637.0,0.0,East,Clothing
SLS-0101,Swati Kulkarni,Sales Team A,2026-09-15,Online,Closed,17,17078.0,16071.69,North,Clothing
SLS-0102,Anjali Singh,Sales Team A,2026-09-29,Online,Closed,37,26795.0,27924.58,West,Clothing
SLS-0103,Divya Saxena,Sales Team B,2026-09-06,Retail,Closed,7,13964.0,13280.77,West,Clothing
SLS-0104,Ramesh Pandey,Sales Team B,2026-09-10,Online,Pipeline,54,19543.0,0.0,South,Furniture
SLS-0105,Deepa Joshi,Sales Team C,2026-09-11,Wholesale,Closed,5,43926.0,49837.38,South,Electronics
SLS-0106,Kavita Nair,Sales Team C,2026-09-27,Online,Pipeline,32,32532.0,0.0,South,Electronics
SLS-0107,Ramesh Pandey,Sales Team A,2026-09-26,Retail,Closed,47,41177.0,48502.91,West,Clothing
SLS-0108,Ashok Mehta,Sales Team B,2026-09-28,Online,Closed,26,50376.0,51376.1,East,Electronics
SLS-0109,Sneha Reddy,Sales Team B,2026-09-29,Retail,Closed,5,51862.0,51302.41,South,Furniture
SLS-0110,Divya Saxena,Sales Team A,2026-09-08,Wholesale,Closed,57,31726.0,38798.0,West,Electronics
SLS-0111,Arjun Rao,Sales Team A,2026-09-27,Retail,Closed,9,33454.0,30510.28,North,Electronics
SLS-0112,Deepa Joshi,Sales Team B,2026-09-07,Online,Closed,53,33587.0,30818.15,North,Electronics
SLS-0113,Ravi Menon,Sales Team B,2026-09-06,Retail,Pipeline,51,21421.0,0.0,East,Clothing
SLS-0114,Kavita Nair,Sales Team A,2026-09-07,Retail,Closed,21,16631.0,15107.56,South,Furniture
SLS-0115,Ramesh Pandey,Sales Team A,2026-09-11,Retail,Closed,20,34224.0,41883.16,South,Clothing
SLS-0116,Anjali Singh,Sales Team C,2026-09-29,Wholesale,Pipeline,9,17765.0,0.0,South,Electronics
SLS-0117,Anjali Singh,Sales Team A,2026-09-07,Online,Closed,28,30837.0,35148.62,South,Electronics
SLS-0118,Tarun Kapoor,Sales Team C,2026-09-19,Retail,Pipeline,23,19736.0,0.0,East,Electronics
SLS-0119,Priya Sharma,Sales Team C,2026-09-26,Wholesale,Pipeline,59,43309.0,0.0,West,Electronics
SLS-0120,Geeta Yadav,Sales Team A,2026-09-26,Wholesale,Pipeline,44,14251.0,0.0,South,Clothing
SLS-0121,Arjun Rao,Sales Team C,2026-09-25,Online,Closed,38,40426.0,39277.88,East,Clothing
SLS-0122,Ashok Mehta,Sales Team B,2026-09-23,Wholesale,Closed,42,36276.0,41907.57,North,Electronics
SLS-0123,Kavita Nair,Sales Team A,2026-09-15,Retail,Closed,24,37854.0,47525.08,South,Furniture
SLS-0124,Suresh Iyer,Sales Team C,2026-09-03,Retail,Closed,23,39131.0,43338.69,South,Clothing
SLS-0125,Priya Sharma,Sales Team B,2026-09-17,Online,Closed,33,40641.0,43607.89,East,Furniture
SLS-0126,Manoj Tiwari,Sales Team B,2026-09-13,Retail,Closed,19,27407.0,31741.2,East,Electronics
SLS-0127,Deepa Joshi,Sales Team C,2026-09-17,Online,Closed,55,28115.0,35724.11,North,Electronics
SLS-0128,Amit Patel,Sales Team B,2026-09-02,Online,Closed,17,54243.0,55962.31,East,Clothing
SLS-0129,Siddharth Rao,Sales Team C,2026-09-28,Wholesale,Closed,43,19035.0,24733.36,East,Electronics
SLS-0130,Tarun Kapoor,Sales Team B,2026-09-10,Wholesale,Pipeline,30,36591.0,0.0,North,Furniture
SLS-0131,Ramesh Pandey,Sales Team C,2026-09-25,Retail,Pipeline,19,24871.0,0.0,South,Furniture
SLS-0132,Kavita Nair,Sales Team C,2026-09-19,Online,Closed,51,40238.0,41697.18,North,Furniture
SLS-0133,Bhavna Patel,Sales Team A,2026-09-14,Online,Closed,33,39489.0,49012.86,North,Furniture
SLS-0134,Vikram Singh,Sales Team C,2026-09-28,Retail,Closed,52,10634.0,11696.55,East,Furniture
SLS-0135,Kavita Nair,Sales Team B,2026-09-14,Online,Closed,53,55253.0,61609.39,East,Clothing
SLS-0136,Rajesh Kumar,Sales Team C,2026-09-26,Retail,Lost,14,31643.0,0.0,West,Furniture
SLS-0137,Ravi Menon,Sales Team B,2026-09-03,Online,Closed,35,17119.0,17658.87,West,Clothing
SLS-0138,Alok Kumar,Sales Team B,2026-09-03,Retail,Closed,40,21641.0,19754.42,West,Electronics
SLS-0139,Anita Desai,Sales Team A,2026-09-03,Wholesale,Closed,19,29077.0,33840.63,North,Furniture
SLS-0140,Priya Sharma,Sales Team B,2026-09-17,Retail,Closed,60,36926.0,39010.18,North,Electronics
SLS-0141,Lakshmi Bhat,Sales Team B,2026-09-16,Online,Closed,60,23531.0,22400.87,South,Furniture
SLS-0142,Meera Pillai,Sales Team C,2026-09-22,Wholesale,Closed,41,30336.0,34431.26,West,Furniture
SLS-0143,Ravi Menon,Sales Team A,2026-09-05,Wholesale,Closed,30,49639.0,60709.8,East,Clothing
SLS-0144,Alok Kumar,Sales Team B,2026-09-15,Wholesale,Closed,52,15970.0,16212.18,West,Furniture
SLS-0145,Ashok Mehta,Sales Team C,2026-09-26,Wholesale,Closed,57,21477.0,22894.94,South,Clothing
SLS-0146,Geeta Yadav,Sales Team B,2026-09-15,Wholesale,Lost,16,55778.0,0.0,North,Furniture
SLS-0147,Ashok Mehta,Sales Team A,2026-09-08,Retail,Closed,45,45241.0,45999.05,North,Clothing
SLS-0148,Geeta Yadav,Sales Team C,2026-09-29,Retail,Lost,31,59929.0,0.0,North,Furniture
SLS-0149,Amit Patel,Sales Team A,2026-09-17,Wholesale,Closed,15,26565.0,26112.04,North,Furniture
SLS-0150,Rajesh Kumar,Sales Team A,2026-09-21,Online,Closed,34,34979.0,36289.42,West,Electronics
SLS-0151,Arjun Rao,Sales Team A,2026-09-01,Wholesale,Closed,13,31437.0,36722.13,West,Furniture
SLS-0152,Kiran Das,Sales Team A,2026-09-03,Online,Closed,50,38686.0,36987.77,East,Electronics
SLS-0153,Anita Desai,Sales Team A,2026-09-20,Retail,Closed,12,45039.0,53892.7,South,Electronics
SLS-0154,Swati Kulkarni,Sales Team A,2026-09-22,Wholesale,Closed,27,21661.0,21372.24,North,Clothing
SLS-0155,Lakshmi Bhat,Sales Team A,2026-09-15,Online,Closed,45,44267.0,51190.57,North,Furniture
SLS-0156,Ashok Mehta,Sales Team B,2026-09-15,Retail,Closed,8,34732.0,41916.16,South,Furniture
SLS-0157,Sunita Sharma,Sales Team A,2026-09-07,Retail,Closed,6,10954.0,11335.71,South,Clothing
SLS-0158,Swati Kulkarni,Sales Team A,2026-09-08,Retail,Pipeline,58,53523.0,0.0,South,Clothing
SLS-0159,Anita Desai,Sales Team A,2026-09-14,Online,Closed,25,31147.0,35034.82,South,Clothing
SLS-0160,Ravi Menon,Sales Team C,2026-09-13,Wholesale,Closed,18,16939.0,17661.12,South,Electronics
SLS-0161,Arjun Rao,Sales Team C,2026-09-11,Retail,Closed,34,24424.0,22626.55,East,Clothing
SLS-0162,Divya Saxena,Sales Team B,2026-09-02,Retail,Pipeline,31,29761.0,0.0,West,Electronics
SLS-0163,Ashok Mehta,Sales Team C,2026-09-26,Online,Closed,11,49312.0,50778.62,West,Clothing
SLS-0164,Sunita Sharma,Sales Team C,2026-09-05,Wholesale,Closed,53,55064.0,56561.01,West,Electronics
SLS-0165,Manoj Tiwari,Sales Team A,2026-09-20,Online,Closed,37,51981.0,62206.99,North,Electronics
SLS-0166,Rajesh Kumar,Sales Team C,2026-09-25,Retail,Closed,52,38082.0,45808.77,North,Electronics
SLS-0167,Vikram Singh,Sales Team B,2026-09-16,Wholesale,Closed,29,23394.0,27062.54,South,Clothing
SLS-0168,Divya Saxena,Sales Team B,2026-09-24,Wholesale,Closed,25,52179.0,63386.44,North,Clothing
SLS-0169,Anjali Singh,Sales Team B,2026-09-21,Wholesale,Closed,19,58029.0,59915.41,South,Electronics
SLS-0170,Lakshmi Bhat,Sales Team A,2026-09-30,Online,Lost,56,55046.0,0.0,South,Clothing
SLS-0171,Bhavna Patel,Sales Team B,2026-09-17,Wholesale,Closed,45,10396.0,9625.1,West,Electronics
SLS-0172,Ravi Menon,Sales Team A,2026-09-21,Retail,Lost,13,16013.0,0.0,South,Clothing
SLS-0173,Lakshmi Bhat,Sales Team A,2026-09-08,Online,Closed,51,40610.0,41608.4,South,Electronics
SLS-0174,Meera Pillai,Sales Team A,2026-09-20,Retail,Closed,41,39377.0,50681.76,South,Furniture
SLS-0175,Bhavna Patel,Sales Team B,2026-09-03,Wholesale,Closed,15,40848.0,43974.93,West,Electronics
SLS-0176,Siddharth Rao,Sales Team B,2026-09-01,Wholesale,Closed,10,59732.0,75416.6,East,Clothing
SLS-0177,Lakshmi Bhat,Sales Team A,2026-09-18,Online,Closed,29,40385.0,41287.16,East,Furniture
SLS-0178,Lakshmi Bhat,Sales Team C,2026-09-16,Retail,Closed,50,40753.0,39868.1,South,Electronics
SLS-0179,Rajesh Kumar,Sales Team C,2026-09-24,Online,Closed,30,37251.0,47536.52,East,Furniture
SLS-0180,Neha Agarwal,Sales Team B,2026-09-21,Online,Closed,7,18157.0,19136.21,South,Electronics
SLS-0181,Tarun Kapoor,Sales Team B,2026-09-09,Online,Closed,50,42022.0,48493.05,East,Clothing
SLS-0182,Priya Sharma,Sales Team C,2026-09-13,Wholesale,Closed,20,41308.0,37747.38,East,Clothing
SLS-0183,Ashok Mehta,Sales Team C,2026-09-01,Online,Closed,14,27126.0,30982.62,South,Furniture
SLS-0184,Kavita Nair,Sales Team C,2026-09-19,Online,Pipeline,5,17650.0,0.0,North,Clothing
SLS-0185,Ashok Mehta,Sales Team B,2026-09-13,Online,Closed,10,43982.0,55592.35,West,Electronics
SLS-0186,Siddharth Rao,Sales Team B,2026-09-09,Online,Closed,39,53154.0,66690.22,East,Clothing
SLS-0187,Meera Pillai,Sales Team C,2026-09-28,Retail,Closed,41,32570.0,39920.76,East,Clothing
SLS-0188,Ravi Menon,Sales Team C,2026-09-13,Online,Closed,15,42225.0,38029.16,North,Clothing
SLS-0189,Meera Pillai,Sales Team C,2026-09-14,Online,Closed,32,21182.0,20558.41,South,Clothing
SLS-0190,Vikram Singh,Sales Team A,2026-09-16,Retail,Closed,12,39534.0,44548.37,South,Electronics
SLS-0191,Ravi Menon,Sales Team A,2026-09-24,Retail,Pipeline,17,26996.0,0.0,West,Furniture
SLS-0192,Ramesh Pandey,Sales Team C,2026-09-04,Online,Closed,23,15616.0,16413.84,East,Electronics
SLS-0193,Manoj Tiwari,Sales Team A,2026-09-19,Retail,Closed,48,59842.0,56270.85,North,Furniture
SLS-0194,Tarun Kapoor,Sales Team A,2026-09-22,Online,Pipeline,7,16346.0,0.0,South,Clothing
SLS-0195,Anjali Singh,Sales Team A,2026-09-13,Online,Closed,53,27421.0,34902.86,West,Furniture
SLS-0196,Divya Saxena,Sales Team B,2026-09-11,Wholesale,Closed,26,30658.0,37609.36,East,Clothing
SLS-0197,Arjun Rao,Sales Team B,2026-09-20,Retail,Lost,60,31643.0,0.0,North,Electronics
SLS-0198,Kiran Das,Sales Team C,2026-09-13,Online,Pipeline,13,11682.0,0.0,North,Clothing
SLS-0199,Suresh Iyer,Sales Team C,2026-09-25,Retail,Closed,44,54969.0,63959.2,West,Clothing
SLS-0200,Meera Pillai,Sales Team C,2026-09-07,Retail,Lost,57,31114.0,0.0,North,Clothing
SLS-0201,Pooja Gupta,Sales Team A,2026-09-26,Online,Closed,33,25306.0,28917.3,West,Clothing
SLS-0202,Divya Saxena,Sales Team A,2026-09-12,Wholesale,Lost,35,53144.0,0.0,North,Clothing
SLS-0203,Arjun Rao,Sales Team B,2026-09-20,Retail,Closed,60,44082.0,55124.26,North,Electronics
SLS-0204,Neha Agarwal,Sales Team A,2026-09-10,Online,Lost,60,40592.0,0.0,South,Furniture
SLS-0205,Sneha Reddy,Sales Team B,2026-09-22,Online,Closed,18,21169.0,25430.34,North,Electronics
SLS-0206,Meera Pillai,Sales Team C,2026-09-01,Retail,Lost,25,35132.0,0.0,East,Electronics
SLS-0207,Geeta Yadav,Sales Team B,2026-09-22,Wholesale,Lost,47,18067.0,0.0,South,Clothing
SLS-0208,Ramesh Pandey,Sales Team C,2026-09-16,Retail,Pipeline,26,24667.0,0.0,North,Clothing
SLS-0209,Manoj Tiwari,Sales Team B,2026-09-30,Online,Closed,51,35011.0,40667.65,West,Electronics
SLS-0210,Kavita Nair,Sales Team B,2026-09-04,Wholesale,Closed,10,32297.0,38634.72,South,Clothing
SLS-0211,Sneha Reddy,Sales Team C,2026-09-12,Retail,Pipeline,29,47808.0,0.0,North,Furniture
SLS-0212,Priya Sharma,Sales Team C,2026-09-18,Retail,Pipeline,32,30948.0,0.0,East,Clothing
SLS-0213,Sunita Sharma,Sales Team A,2026-09-17,Online,Closed,19,16985.0,17972.25,West,Furniture
SLS-0214,Vikram Singh,Sales Team B,2026-09-27,Retail,Closed,34,19661.0,22425.06,South,Clothing
SLS-0215,Swati Kulkarni,Sales Team C,2026-09-02,Online,Closed,37,55128.0,52337.73,West,Clothing
SLS-0216,Siddharth Rao,Sales Team A,2026-09-16,Wholesale,Closed,29,13854.0,17905.7,East,Electronics
SLS-0217,Siddharth Rao,Sales Team C,2026-09-07,Online,Lost,19,55901.0,0.0,North,Electronics
SLS-0218,Bhavna Patel,Sales Team B,2026-09-24,Wholesale,Closed,57,53204.0,67300.43,South,Electronics
SLS-0219,Lakshmi Bhat,Sales Team B,2026-09-11,Wholesale,Closed,27,59657.0,63030.31,North,Clothing
SLS-0220,Geeta Yadav,Sales Team B,2026-09-10,Online,Lost,49,45914.0,0.0,West,Electronics
SLS-0221,Vikram Singh,Sales Team B,2026-09-25,Online,Pipeline,8,56503.0,0.0,East,Furniture
SLS-0222,Ramesh Pandey,Sales Team A,2026-09-19,Retail,Closed,35,29076.0,36603.41,South,Electronics
SLS-0223,Anjali Singh,Sales Team C,2026-09-07,Online,Closed,28,57576.0,71535.68,North,Clothing
SLS-0224,Anjali Singh,Sales Team A,2026-09-13,Wholesale,Closed,15,13691.0,12847.9,West,Electronics
SLS-0225,Priya Sharma,Sales Team A,2026-09-17,Online,Closed,32,19736.0,22711.97,West,Electronics
SLS-0226,Priya Sharma,Sales Team A,2026-09-08,Wholesale,Closed,49,49069.0,62897.73,West,Clothing
SLS-0227,Anjali Singh,Sales Team C,2026-09-22,Retail,Closed,60,52618.0,55398.35,West,Furniture
SLS-0228,Rajesh Kumar,Sales Team A,2026-09-04,Retail,Closed,46,53829.0,68007.09,South,Electronics
SLS-0229,Rahul Mishra,Sales Team C,2026-09-19,Wholesale,Closed,52,16196.0,19722.48,South,Furniture
SLS-0230,Neha Agarwal,Sales Team C,2026-09-23,Wholesale,Closed,13,16516.0,17012.99,South,Furniture
SLS-0231,Siddharth Rao,Sales Team C,2026-09-01,Wholesale,Closed,39,44739.0,49008.23,North,Electronics
SLS-0232,Swati Kulkarni,Sales Team A,2026-09-06,Online,Closed,5,46354.0,50011.01,East,Electronics
SLS-0233,Priya Sharma,Sales Team A,2026-09-19,Retail,Closed,10,46863.0,46989.73,North,Electronics
SLS-0234,Sneha Reddy,Sales Team C,2026-09-10,Wholesale,Lost,15,37725.0,0.0,North,Electronics
SLS-0235,Deepa Joshi,Sales Team A,2026-09-17,Wholesale,Closed,33,19165.0,21672.33,East,Clothing
SLS-0236,Sunita Sharma,Sales Team B,2026-09-20,Online,Closed,49,16488.0,19209.29,North,Electronics
SLS-0237,Priya Sharma,Sales Team A,2026-09-05,Wholesale,Pipeline,18,18795.0,0.0,South,Clothing
SLS-0238,Pooja Gupta,Sales Team B,2026-09-05,Online,Closed,9,46034.0,46125.47,West,Clothing
SLS-0239,Alok Kumar,Sales Team A,2026-09-13,Wholesale,Closed,21,54336.0,58146.98,South,Clothing
SLS-0240,Ravi Menon,Sales Team A,2026-09-21,Online,Closed,45,55665.0,64472.79,East,Clothing
SLS-0241,Swati Kulkarni,Sales Team C,2026-09-27,Online,Closed,31,20059.0,20591.45,West,Furniture
SLS-0242,Rajesh Kumar,Sales Team C,2026-09-08,Retail,Closed,39,17208.0,20195.17,West,Electronics
SLS-0243,Manoj Tiwari,Sales Team C,2026-09-03,Wholesale,Lost,54,27907.0,0.0,South,Electronics
SLS-0244,Suresh Iyer,Sales Team A,2026-09-04,Wholesale,Lost,19,34814.0,0.0,North,Electronics
SLS-0245,Anita Desai,Sales Team C,2026-09-24,Wholesale,Closed,56,42087.0,39486.71,East,Clothing
SLS-0246,Rahul Mishra,Sales Team B,2026-09-18,Wholesale,Closed,8,21190.0,21766.34,West,Electronics
SLS-0247,Pooja Gupta,Sales Team C,2026-09-22,Online,Closed,59,36388.0,39690.02,South,Furniture
SLS-0248,Rajesh Kumar,Sales Team C,2026-09-17,Online,Closed,13,19350.0,20346.92,East,Electronics
SLS-0249,Sunita Sharma,Sales Team C,2026-09-21,Wholesale,Closed,20,54447.0,62259.12,West,Electronics
SLS-0250,Kiran Das,Sales Team B,2026-09-26,Wholesale,Closed,22,38034.0,42150.72,South,Furniture
SLS-0251,Ramesh Pandey,Sales Team A,2026-09-10,Wholesale,Closed,59,15907.0,18354.62,North,Clothing
SLS-0252,Kavita Nair,Sales Team A,2026-09-06,Online,Closed,52,28733.0,32228.77,West,Electronics
SLS-0253,Meera Pillai,Sales Team C,2026-09-17,Online,Closed,36,43751.0,51365.81,North,Furniture
SLS-0254,Rajesh Kumar,Sales Team C,2026-09-07,Online,Closed,32,56045.0,62418.99,East,Electronics
SLS-0255,Geeta Yadav,Sales Team C,2026-09-30,Online,Closed,7,49804.0,53761.47,South,Clothing
SLS-0256,Sunita Sharma,Sales Team C,2026-09-29,Retail,Closed,28,18737.0,20713.26,North,Furniture
SLS-0257,Neha Agarwal,Sales Team B,2026-09-06,Wholesale,Lost,26,54503.0,0.0,South,Clothing
SLS-0258,Bhavna Patel,Sales Team A,2026-09-10,Wholesale,Closed,21,23963.0,21588.12,West,Electronics
SLS-0259,Sunita Sharma,Sales Team B,2026-09-30,Online,Closed,7,40346.0,50714.82,West,Electronics
SLS-0260,Pooja Gupta,Sales Team A,2026-09-20,Wholesale,Closed,27,17023.0,15355.8,South,Furniture
SLS-0261,Pooja Gupta,Sales Team A,2026-09-04,Wholesale,Closed,10,44674.0,49397.27,South,Furniture
SLS-0262,Sneha Reddy,Sales Team B,2026-09-01,Retail,Closed,21,24817.0,27007.83,East,Furniture
SLS-0263,Pooja Gupta,Sales Team B,2026-09-29,Retail,Closed,22,17123.0,22187.09,West,Electronics
SLS-0264,Vikram Singh,Sales Team B,2026-09-24,Wholesale,Closed,60,56479.0,55314.73,South,Furniture
SLS-0265,Priya Sharma,Sales Team A,2026-09-13,Wholesale,Closed,7,20506.0,23919.88,West,Clothing
SLS-0266,Suresh Iyer,Sales Team A,2026-09-14,Wholesale,Closed,56,54678.0,64833.26,East,Furniture
SLS-0267,Sanjay Verma,Sales Team C,2026-09-30,Online,Pipeline,29,18612.0,0.0,North,Electronics
SLS-0268,Anjali Singh,Sales Team A,2026-09-05,Retail,Closed,5,54855.0,54558.89,East,Furniture
SLS-0269,Divya Saxena,Sales Team C,2026-09-01,Wholesale,Closed,23,41845.0,39043.31,West,Electronics
SLS-0270,Divya Saxena,Sales Team A,2026-09-24,Online,Closed,22,17537.0,21845.26,South,Clothing
SLS-0271,Siddharth Rao,Sales Team B,2026-09-07,Wholesale,Closed,56,16754.0,19777.39,South,Electronics
SLS-0272,Bhavna Patel,Sales Team C,2026-09-21,Online,Closed,12,18670.0,19799.78,East,Electronics
SLS-0273,Sunita Sharma,Sales Team A,2026-09-14,Retail,Closed,10,13339.0,14034.51,East,Clothing
SLS-0274,Ramesh Pandey,Sales Team A,2026-09-08,Wholesale,Closed,8,43414.0,46488.98,North,Furniture
SLS-0275,Sneha Reddy,Sales Team B,2026-09-12,Wholesale,Lost,50,37398.0,0.0,South,Furniture
SLS-0276,Alok Kumar,Sales Team A,2026-09-06,Retail,Closed,47,58808.0,60493.19,East,Furniture
SLS-0277,Suresh Iyer,Sales Team C,2026-09-04,Wholesale,Closed,36,33827.0,34967.4,North,Electronics
SLS-0278,Swati Kulkarni,Sales Team A,2026-09-22,Online,Closed,13,31706.0,33108.28,East,Clothing
SLS-0279,Tarun Kapoor,Sales Team C,2026-09-17,Online,Closed,46,28084.0,27635.03,West,Electronics
SLS-0280,Alok Kumar,Sales Team A,2026-09-05,Online,Closed,12,12689.0,14397.25,South,Electronics
SLS-0281,Ashok Mehta,Sales Team B,2026-09-30,Retail,Closed,39,50567.0,52446.03,West,Electronics
SLS-0282,Lakshmi Bhat,Sales Team C,2026-09-05,Retail,Closed,31,46077.0,54584.71,East,Furniture
SLS-0283,Kiran Das,Sales Team C,2026-09-23,Retail,Lost,9,41642.0,0.0,West,Clothing
SLS-0284,Sunita Sharma,Sales Team C,2026-09-26,Retail,Closed,22,55659.0,71632.84,East,Electronics
SLS-0285,Rahul Mishra,Sales Team A,2026-09-26,Online,Closed,57,36050.0,39583.27,North,Electronics
SLS-0286,Kiran Das,Sales Team C,2026-09-13,Online,Closed,30,49794.0,50222.11,South,Electronics
SLS-0287,Anita Desai,Sales Team C,2026-09-07,Online,Closed,55,43606.0,47189.38,East,Furniture
SLS-0288,Bhavna Patel,Sales Team A,2026-09-10,Online,Closed,12,21213.0,20991.79,South,Furniture
SLS-0289,Priya Sharma,Sales Team C,2026-09-05,Wholesale,Lost,22,13376.0,0.0,South,Electronics
SLS-0290,Lakshmi Bhat,Sales Team A,2026-09-01,Online,Closed,43,34190.0,35209.71,East,Clothing
SLS-0291,Vikram Singh,Sales Team B,2026-09-29,Online,Closed,8,51022.0,62571.79,East,Electronics
SLS-0292,Geeta Yadav,Sales Team B,2026-09-06,Wholesale,Lost,39,53077.0,0.0,North,Clothing
SLS-0293,Geeta Yadav,Sales Team C,2026-09-13,Online,Closed,45,51569.0,58878.22,South,Furniture
SLS-0294,Kavita Nair,Sales Team B,2026-09-09,Retail,Closed,56,59341.0,62793.78,West,Electronics
SLS-0295,Geeta Yadav,Sales Team C,2026-09-14,Wholesale,Closed,35,16140.0,17727.93,West,Electronics
SLS-0296,Siddharth Rao,Sales Team A,2026-09-07,Online,Closed,51,21823.0,25293.42,North,Furniture
SLS-0297,Anita Desai,Sales Team A,2026-09-27,Wholesale,Closed,17,14551.0,13931.26,West,Electronics
SLS-0298,Kiran Das,Sales Team C,2026-09-13,Retail,Closed,13,57629.0,69165.04,North,Clothing
SLS-0299,Sneha Reddy,Sales Team B,2026-09-13,Retail,Closed,5,52236.0,66541.93,South,Electronics
SLS-0300,Tarun Kapoor,Sales Team A,2026-09-09,Retail,Lost,43,10884.0,0.0,North,Electronics
SLS-0301,Lakshmi Bhat,Sales Team C,2026-09-27,Wholesale,Pipeline,10,23259.0,0.0,South,Furniture
SLS-0302,Tarun Kapoor,Sales Team C,2026-09-29,Wholesale,Pipeline,24,31741.0,0.0,West,Electronics
SLS-0303,Kavita Nair,Sales Team A,2026-09-18,Online,Closed,39,18065.0,16411.75,North,Electronics
SLS-0304,Lakshmi Bhat,Sales Team B,2026-09-04,Online,Pipeline,31,19295.0,0.0,North,Electronics
SLS-0305,Rajesh Kumar,Sales Team A,2026-09-14,Wholesale,Closed,46,28798.0,28520.21,West,Clothing
SLS-0306,Alok Kumar,Sales Team C,2026-09-27,Retail,Closed,12,24714.0,23248.32,East,Furniture
SLS-0307,Amit Patel,Sales Team C,2026-09-11,Retail,Closed,10,12840.0,14660.74,South,Furniture
SLS-0308,Sanjay Verma,Sales Team B,2026-09-20,Retail,Closed,14,53730.0,63125.46,East,Furniture
SLS-0309,Alok Kumar,Sales Team A,2026-09-09,Wholesale,Closed,21,56616.0,69041.71,North,Electronics
SLS-0310,Tarun Kapoor,Sales Team C,2026-09-05,Wholesale,Closed,33,57273.0,69800.91,West,Electronics
SLS-0311,Sneha Reddy,Sales Team C,2026-09-14,Online,Closed,10,31171.0,40457.11,South,Furniture
SLS-0312,Pooja Gupta,Sales Team B,2026-09-16,Wholesale,Closed,31,49435.0,60182.2,East,Electronics
SLS-0313,Anjali Singh,Sales Team C,2026-09-30,Retail,Closed,40,42578.0,47495.71,West,Clothing
SLS-0314,Lakshmi Bhat,Sales Team A,2026-09-13,Retail,Closed,31,44533.0,50373.53,South,Clothing
SLS-0315,Amit Patel,Sales Team A,2026-09-12,Retail,Closed,59,11124.0,11624.13,West,Electronics
SLS-0316,Sunita Sharma,Sales Team A,2026-09-02,Wholesale,Closed,59,19132.0,19474.06,South,Clothing
SLS-0317,Sunita Sharma,Sales Team B,2026-09-08,Retail,Pipeline,8,58955.0,0.0,South,Electronics
SLS-0318,Ashok Mehta,Sales Team C,2026-09-05,Wholesale,Closed,49,37833.0,39674.47,North,Clothing
SLS-0319,Rahul Mishra,Sales Team A,2026-09-16,Online,Pipeline,6,19626.0,0.0,East,Electronics
SLS-0320,Amit Patel,Sales Team A,2026-09-03,Retail,Closed,57,37295.0,35798.98,South,Furniture
SLS-0321,Geeta Yadav,Sales Team A,2026-09-24,Online,Closed,24,40814.0,43450.95,East,Furniture
SLS-0322,Anjali Singh,Sales Team C,2026-09-23,Retail,Closed,14,13932.0,17449.31,North,Clothing
SLS-0323,Tarun Kapoor,Sales Team A,2026-09-17,Retail,Closed,58,37762.0,44255.61,West,Clothing
SLS-0324,Ashok Mehta,Sales Team B,2026-09-30,Online,Closed,50,24897.0,26626.55,South,Furniture
SLS-0325,Amit Patel,Sales Team C,2026-09-13,Retail,Closed,30,50569.0,46644.78,West,Electronics
SLS-0326,Siddharth Rao,Sales Team C,2026-09-18,Online,Pipeline,57,55378.0,0.0,West,Furniture
SLS-0327,Manoj Tiwari,Sales Team C,2026-09-21,Wholesale,Pipeline,15,13582.0,0.0,East,Clothing
SLS-0328,Meera Pillai,Sales Team A,2026-09-09,Retail,Closed,28,49530.0,60006.53,East,Electronics
SLS-0329,Kavita Nair,Sales Team B,2026-09-06,Online,Closed,18,49132.0,44434.53,East,Electronics
SLS-0330,Lakshmi Bhat,Sales Team A,2026-09-21,Retail,Closed,10,47363.0,53326.89,West,Electronics
SLS-0331,Priya Sharma,Sales Team B,2026-09-03,Wholesale,Closed,27,59262.0,60030.09,West,Clothing
SLS-0332,Ravi Menon,Sales Team B,2026-09-25,Wholesale,Closed,13,56049.0,65570.3,East,Furniture
SLS-0333,Alok Kumar,Sales Team C,2026-09-17,Retail,Closed,54,19842.0,18045.79,West,Furniture
SLS-0334,Rahul Mishra,Sales Team A,2026-09-10,Retail,Closed,34,15161.0,19013.13,North,Clothing
SLS-0335,Kavita Nair,Sales Team A,2026-09-26,Online,Closed,54,57091.0,55059.63,East,Furniture
SLS-0336,Anjali Singh,Sales Team A,2026-09-11,Wholesale,Closed,59,38239.0,35027.12,West,Electronics
SLS-0337,Ravi Menon,Sales Team C,2026-09-20,Retail,Lost,41,51142.0,0.0,West,Electronics
SLS-0338,Anjali Singh,Sales Team A,2026-09-05,Wholesale,Closed,56,15712.0,17276.36,West,Furniture
SLS-0339,Anita Desai,Sales Team B,2026-09-06,Retail,Closed,28,33158.0,31025.67,South,Clothing
SLS-0340,Tarun Kapoor,Sales Team B,2026-09-09,Wholesale,Lost,53,38969.0,0.0,South,Electronics
SLS-0341,Rahul Mishra,Sales Team B,2026-09-02,Wholesale,Pipeline,30,36806.0,0.0,South,Furniture
SLS-0342,Pooja Gupta,Sales Team C,2026-09-28,Online,Lost,28,15471.0,0.0,West,Clothing
SLS-0343,Kiran Das,Sales Team B,2026-09-29,Online,Closed,46,13739.0,16437.57,South,Clothing
SLS-0344,Siddharth Rao,Sales Team C,2026-09-01,Retail,Pipeline,23,34629.0,0.0,South,Clothing
SLS-0345,Arjun Rao,Sales Team A,2026-09-08,Wholesale,Pipeline,47,16127.0,0.0,East,Furniture
SLS-0346,Kiran Das,Sales Team C,2026-09-18,Wholesale,Closed,16,57957.0,54673.12,West,Furniture
SLS-0347,Ravi Menon,Sales Team B,2026-09-11,Retail,Closed,43,41869.0,41243.23,West,Electronics
SLS-0348,Suresh Iyer,Sales Team B,2026-09-02,Online,Closed,35,19536.0,22585.31,East,Clothing
SLS-0349,Priya Sharma,Sales Team C,2026-09-25,Wholesale,Closed,56,33690.0,40961.1,West,Electronics
SLS-0350,Priya Sharma,Sales Team A,2026-09-28,Retail,Lost,48,37716.0,0.0,East,Furniture
SLS-0351,Ramesh Pandey,Sales Team A,2026-09-03,Retail,Closed,30,15354.0,15650.87,West,Furniture
SLS-0352,Sanjay Verma,Sales Team A,2026-09-22,Wholesale,Closed,8,16058.0,20200.69,West,Furniture
SLS-0353,Tarun Kapoor,Sales Team B,2026-09-06,Retail,Closed,31,41563.0,45311.97,South,Clothing
SLS-0354,Meera Pillai,Sales Team B,2026-09-30,Online,Closed,57,10650.0,11974.47,South,Electronics
SLS-0355,Geeta Yadav,Sales Team C,2026-09-19,Online,Closed,47,58126.0,69584.64,East,Electronics
SLS-0356,Vikram Singh,Sales Team B,2026-09-30,Retail,Closed,25,17445.0,21227.19,West,Furniture
SLS-0357,Sanjay Verma,Sales Team C,2026-09-01,Wholesale,Lost,59,18239.0,0.0,West,Clothing
SLS-0358,Rahul Mishra,Sales Team A,2026-09-02,Retail,Closed,17,37536.0,44239.12,South,Clothing
SLS-0359,Arjun Rao,Sales Team A,2026-09-12,Retail,Lost,48,47803.0,0.0,North,Furniture
SLS-0360,Siddharth Rao,Sales Team B,2026-09-01,Wholesale,Pipeline,37,18175.0,0.0,West,Clothing
SLS-0361,Kiran Das,Sales Team B,2026-09-14,Wholesale,Closed,39,37908.0,42050.13,East,Electronics
SLS-0362,Sunita Sharma,Sales Team A,2026-09-15,Wholesale,Closed,40,48986.0,47274.57,West,Furniture
SLS-0363,Deepa Joshi,Sales Team C,2026-09-23,Online,Closed,23,56012.0,64310.21,North,Electronics
SLS-0364,Anjali Singh,Sales Team A,2026-09-03,Online,Closed,31,16794.0,18449.25,North,Clothing
SLS-0365,Kiran Das,Sales Team C,2026-09-19,Retail,Closed,59,37567.0,36994.05,West,Clothing
SLS-0366,Arjun Rao,Sales Team A,2026-09-07,Wholesale,Lost,27,40405.0,0.0,West,Clothing
SLS-0367,Ashok Mehta,Sales Team C,2026-09-13,Retail,Lost,55,24675.0,0.0,East,Furniture
SLS-0368,Alok Kumar,Sales Team C,2026-09-09,Wholesale,Pipeline,55,37178.0,0.0,South,Electronics
SLS-0369,Alok Kumar,Sales Team B,2026-09-02,Retail,Closed,55,34537.0,42698.36,East,Furniture
SLS-0370,Anita Desai,Sales Team C,2026-09-14,Retail,Closed,30,22626.0,25940.87,West,Electronics
SLS-0371,Anjali Singh,Sales Team C,2026-09-14,Retail,Lost,29,57717.0,0.0,South,Furniture
SLS-0372,Alok Kumar,Sales Team B,2026-09-17,Retail,Closed,11,56532.0,68995.54,North,Clothing
SLS-0373,Rahul Mishra,Sales Team B,2026-09-27,Online,Lost,58,46235.0,0.0,South,Furniture
SLS-0374,Ravi Menon,Sales Team A,2026-09-03,Retail,Closed,45,48881.0,46985.37,North,Clothing
SLS-0375,Arjun Rao,Sales Team A,2026-09-24,Online,Closed,34,51580.0,59451.14,East,Electronics
SLS-0376,Kavita Nair,Sales Team C,2026-09-29,Retail,Closed,39,26072.0,31039.37,West,Furniture
SLS-0377,Swati Kulkarni,Sales Team A,2026-09-09,Retail,Lost,45,11516.0,0.0,North,Electronics
SLS-0378,Kiran Das,Sales Team C,2026-09-04,Retail,Closed,21,21837.0,20463.69,West,Furniture
SLS-0379,Sunita Sharma,Sales Team A,2026-09-13,Retail,Closed,6,37115.0,34495.81,North,Electronics
SLS-0380,Swati Kulkarni,Sales Team B,2026-09-13,Wholesale,Closed,33,20558.0,19980.78,North,Electronics
SLS-0381,Swati Kulkarni,Sales Team C,2026-09-21,Online,Pipeline,12,32466.0,0.0,East,Furniture
SLS-0382,Divya Saxena,Sales Team C,2026-09-18,Retail,Closed,52,26678.0,33897.95,South,Clothing
SLS-0383,Rajesh Kumar,Sales Team C,2026-09-01,Online,Closed,14,24175.0,30140.17,North,Electronics
SLS-0384,Rajesh Kumar,Sales Team B,2026-09-05,Retail,Closed,49,18295.0,18423.73,West,Electronics
SLS-0385,Amit Patel,Sales Team B,2026-09-23,Online,Closed,34,58837.0,71993.23,West,Clothing
SLS-0386,Arjun Rao,Sales Team A,2026-09-09,Retail,Closed,59,57015.0,57723.87,West,Electronics
SLS-0387,Rahul Mishra,Sales Team C,2026-09-10,Retail,Pipeline,51,41970.0,0.0,West,Furniture
SLS-0388,Meera Pillai,Sales Team C,2026-09-24,Wholesale,Pipeline,44,17048.0,0.0,West,Furniture
SLS-0389,Ravi Menon,Sales Team C,2026-09-12,Wholesale,Pipeline,57,14211.0,0.0,West,Electronics
SLS-0390,Alok Kumar,Sales Team A,2026-09-17,Wholesale,Closed,23,49576.0,61011.92,East,Furniture
SLS-0391,Rajesh Kumar,Sales Team A,2026-09-06,Wholesale,Closed,16,33445.0,33382.37,South,Clothing
SLS-0392,Pooja Gupta,Sales Team B,2026-09-05,Wholesale,Closed,25,55107.0,49836.59,East,Electronics
SLS-0393,Kiran Das,Sales Team C,2026-09-26,Wholesale,Pipeline,40,14340.0,0.0,West,Furniture
SLS-0394,Divya Saxena,Sales Team A,2026-09-17,Retail,Closed,22,56941.0,65092.77,North,Clothing
SLS-0395,Alok Kumar,Sales Team C,2026-09-14,Online,Closed,25,30979.0,30336.5,North,Furniture
SLS-0396,Neha Agarwal,Sales Team A,2026-09-09,Wholesale,Closed,33,21215.0,24197.24,West,Electronics
SLS-0397,Rahul Mishra,Sales Team A,2026-09-10,Retail,Closed,59,47732.0,61821.62,West,Furniture
SLS-0398,Vikram Singh,Sales Team B,2026-09-02,Online,Lost,7,32111.0,0.0,North,Electronics
SLS-0399,Neha Agarwal,Sales Team A,2026-09-27,Wholesale,Closed,22,30787.0,36989.87,West,Electronics
SLS-0400,Lakshmi Bhat,Sales Team B,2026-09-16,Online,Closed,24,55643.0,71979.05,West,Clothing
SLS-0401,Sunita Sharma,Sales Team A,2026-09-27,Wholesale,Lost,11,11919.0,0.0,South,Electronics
SLS-0402,Siddharth Rao,Sales Team A,2026-09-05,Retail,Lost,60,55062.0,0.0,West,Electronics
SLS-0403,Anita Desai,Sales Team A,2026-09-07,Online,Lost,28,45229.0,0.0,North,Clothing
SLS-0404,Bhavna Patel,Sales Team A,2026-09-09,Retail,Closed,24,14917.0,14998.91,West,Furniture
SLS-0405,Ashok Mehta,Sales Team A,2026-09-30,Retail,Closed,12,18276.0,18782.85,South,Clothing
SLS-0406,Alok Kumar,Sales Team B,2026-09-21,Wholesale,Closed,38,44576.0,44407.03,West,Clothing
SLS-0407,Neha Agarwal,Sales Team B,2026-09-11,Online,Closed,10,27289.0,32923.65,North,Furniture
SLS-0408,Lakshmi Bhat,Sales Team A,2026-09-22,Online,Closed,18,55545.0,51723.88,West,Electronics
SLS-0409,Ravi Menon,Sales Team A,2026-09-22,Retail,Closed,29,22315.0,24436.22,East,Electronics
SLS-0410,Siddharth Rao,Sales Team C,2026-09-25,Online,Closed,25,59839.0,76459.43,West,Clothing
SLS-0411,Vikram Singh,Sales Team C,2026-09-04,Retail,Closed,28,35269.0,45497.92,South,Furniture
SLS-0412,Ravi Menon,Sales Team A,2026-09-09,Wholesale,Closed,24,47830.0,55451.86,South,Furniture
SLS-0413,Alok Kumar,Sales Team A,2026-09-24,Retail,Closed,34,22257.0,22406.18,West,Clothing
SLS-0414,Sanjay Verma,Sales Team B,2026-09-12,Wholesale,Closed,40,15509.0,16156.82,South,Electronics
SLS-0415,Arjun Rao,Sales Team C,2026-09-14,Online,Closed,33,27864.0,29199.03,North,Clothing
SLS-0416,Arjun Rao,Sales Team C,2026-09-30,Wholesale,Closed,17,36390.0,35322.25,East,Clothing
SLS-0417,Divya Saxena,Sales Team B,2026-09-17,Wholesale,Closed,8,52358.0,52335.89,North,Electronics
SLS-0418,Sneha Reddy,Sales Team A,2026-09-29,Retail,Closed,20,14315.0,15930.49,East,Electronics
SLS-0419,Alok Kumar,Sales Team C,2026-09-23,Online,Closed,30,16639.0,16438.59,East,Furniture
SLS-0420,Ravi Menon,Sales Team A,2026-09-26,Retail,Closed,23,56258.0,64051.16,North,Electronics
SLS-0421,Anita Desai,Sales Team C,2026-09-30,Online,Closed,52,30009.0,37241.94,South,Electronics
SLS-0422,Manoj Tiwari,Sales Team C,2026-09-03,Retail,Closed,34,19295.0,24792.09,West,Furniture
SLS-0423,Manoj Tiwari,Sales Team A,2026-09-06,Wholesale,Pipeline,15,54512.0,0.0,North,Clothing
SLS-0424,Pooja Gupta,Sales Team B,2026-09-19,Retail,Closed,20,40970.0,38665.62,North,Clothing
SLS-0425,Swati Kulkarni,Sales Team B,2026-09-27,Retail,Closed,15,59479.0,57018.54,North,Electronics
SLS-0426,Deepa Joshi,Sales Team C,2026-09-11,Wholesale,Closed,27,45763.0,45897.35,West,Furniture
SLS-0427,Pooja Gupta,Sales Team B,2026-09-01,Wholesale,Closed,26,43936.0,53154.23,West,Electronics
SLS-0428,Suresh Iyer,Sales Team C,2026-09-17,Online,Closed,14,36890.0,45836.05,South,Furniture
SLS-0429,Neha Agarwal,Sales Team A,2026-09-08,Online,Closed,32,33554.0,32967.58,North,Electronics
SLS-0430,Sunita Sharma,Sales Team B,2026-09-21,Retail,Lost,45,54485.0,0.0,West,Clothing
SLS-0431,Anita Desai,Sales Team B,2026-09-30,Online,Closed,26,35626.0,40458.99,East,Furniture
SLS-0432,Ravi Menon,Sales Team A,2026-09-19,Online,Closed,58,50132.0,47584.52,West,Clothing
SLS-0433,Anjali Singh,Sales Team B,2026-09-10,Retail,Lost,36,54926.0,0.0,South,Furniture
SLS-0434,Swati Kulkarni,Sales Team A,2026-09-17,Wholesale,Closed,47,20656.0,21099.24,East,Electronics
SLS-0435,Anjali Singh,Sales Team B,2026-09-01,Wholesale,Closed,23,48867.0,46393.07,West,Furniture
SLS-0436,Rajesh Kumar,Sales Team B,2026-09-12,Online,Pipeline,8,26477.0,0.0,South,Furniture
SLS-0437,Alok Kumar,Sales Team B,2026-09-26,Online,Closed,54,46749.0,44973.23,North,Clothing
SLS-0438,Suresh Iyer,Sales Team A,2026-09-24,Retail,Closed,10,29058.0,28696.03,West,Furniture
SLS-0439,Kavita Nair,Sales Team C,2026-09-21,Wholesale,Closed,11,27121.0,34391.53,East,Electronics
SLS-0440,Rahul Mishra,Sales Team B,2026-09-22,Wholesale,Pipeline,13,54782.0,0.0,South,Furniture
SLS-0441,Vikram Singh,Sales Team B,2026-09-18,Retail,Closed,10,29486.0,33220.87,West,Clothing
SLS-0442,Anita Desai,Sales Team B,2026-09-26,Wholesale,Closed,38,38960.0,45881.37,East,Furniture
SLS-0443,Pooja Gupta,Sales Team B,2026-09-15,Wholesale,Lost,34,11813.0,0.0,North,Furniture
SLS-0444,Amit Patel,Sales Team A,2026-09-20,Wholesale,Pipeline,42,43567.0,0.0,East,Electronics
SLS-0445,Divya Saxena,Sales Team C,2026-09-29,Online,Pipeline,8,59501.0,0.0,West,Electronics
SLS-0446,Arjun Rao,Sales Team C,2026-09-01,Wholesale,Pipeline,60,43948.0,0.0,West,Electronics
SLS-0447,Amit Patel,Sales Team A,2026-09-09,Online,Closed,43,16383.0,20131.04,West,Clothing
SLS-0448,Manoj Tiwari,Sales Team A,2026-09-04,Online,Closed,37,58454.0,69372.07,South,Clothing
SLS-0449,Vikram Singh,Sales Team C,2026-09-24,Wholesale,Closed,48,51921.0,64428.89,East,Clothing
SLS-0450,Deepa Joshi,Sales Team C,2026-09-30,Retail,Pipeline,44,55074.0,0.0,South,Electronics
SLS-0451,Amit Patel,Sales Team A,2026-09-05,Online,Pipeline,38,16348.0,0.0,South,Electronics
SLS-0452,Sneha Reddy,Sales Team B,2026-09-01,Online,Closed,8,17983.0,18342.11,West,Electronics
SLS-0453,Siddharth Rao,Sales Team A,2026-09-27,Online,Closed,44,54651.0,58785.45,North,Furniture
SLS-0454,Vikram Singh,Sales Team C,2026-09-01,Retail,Closed,52,53087.0,52889.13,South,Furniture
SLS-0455,Neha Agarwal,Sales Team B,2026-09-10,Online,Closed,42,42306.0,44291.66,East,Furniture
SLS-0456,Arjun Rao,Sales Team C,2026-09-26,Retail,Closed,57,37841.0,36299.61,East,Furniture
SLS-0457,Sneha Reddy,Sales Team C,2026-09-13,Retail,Closed,7,52277.0,60650.15,West,Electronics
SLS-0458,Sunita Sharma,Sales Team B,2026-09-05,Wholesale,Pipeline,34,28147.0,0.0,North,Electronics
SLS-0459,Pooja Gupta,Sales Team C,2026-09-28,Online,Closed,50,44410.0,46908.05,North,Electronics
SLS-0460,Ramesh Pandey,Sales Team A,2026-09-12,Online,Closed,26,40112.0,47575.76,South,Furniture
SLS-0461,Anjali Singh,Sales Team C,2026-09-10,Wholesale,Closed,58,52279.0,57166.97,West,Clothing
SLS-0462,Swati Kulkarni,Sales Team A,2026-09-19,Online,Lost,54,53182.0,0.0,East,Electronics
SLS-0463,Ashok Mehta,Sales Team B,2026-09-19,Online,Closed,44,36461.0,33800.37,North,Clothing
SLS-0464,Anita Desai,Sales Team A,2026-09-04,Online,Closed,48,41222.0,42436.55,South,Clothing
SLS-0465,Anjali Singh,Sales Team A,2026-09-04,Retail,Closed,29,59533.0,76757.56,North,Electronics
SLS-0466,Divya Saxena,Sales Team B,2026-09-04,Retail,Pipeline,9,38936.0,0.0,East,Clothing
SLS-0467,Ramesh Pandey,Sales Team A,2026-09-30,Retail,Closed,49,39459.0,41473.44,South,Electronics
SLS-0468,Suresh Iyer,Sales Team B,2026-09-15,Online,Closed,17,58637.0,56575.08,South,Electronics
SLS-0469,Rahul Mishra,Sales Team A,2026-09-21,Online,Closed,7,19211.0,24154.31,East,Furniture
SLS-0470,Rahul Mishra,Sales Team C,2026-09-28,Retail,Closed,48,57839.0,74213.07,West,Electronics
SLS-0471,Siddharth Rao,Sales Team A,2026-09-19,Wholesale,Closed,27,50532.0,63665.38,South,Electronics
SLS-0472,Kiran Das,Sales Team B,2026-09-21,Wholesale,Pipeline,41,15121.0,0.0,South,Clothing
SLS-0473,Deepa Joshi,Sales Team A,2026-09-04,Wholesale,Closed,43,45424.0,46894.28,South,Furniture
SLS-0474,Sunita Sharma,Sales Team B,2026-09-13,Online,Closed,60,20345.0,26189.02,North,Clothing
SLS-0475,Rahul Mishra,Sales Team A,2026-09-28,Online,Lost,37,30462.0,0.0,West,Clothing
SLS-0476,Priya Sharma,Sales Team C,2026-09-23,Retail,Closed,21,52810.0,48162.26,East,Furniture
SLS-0477,Suresh Iyer,Sales Team A,2026-09-11,Retail,Closed,40,58095.0,59944.96,North,Electronics
SLS-0478,Neha Agarwal,Sales Team A,2026-09-26,Online,Lost,49,12317.0,0.0,East,Electronics
SLS-0479,Meera Pillai,Sales Team C,2026-09-24,Online,Lost,40,41376.0,0.0,South,Furniture
SLS-0480,Geeta Yadav,Sales Team A,2026-09-04,Retail,Closed,19,52620.0,54730.22,West,Furniture
SLS-0481,Anjali Singh,Sales Team A,2026-09-01,Retail,Closed,55,22856.0,25454.14,West,Clothing
SLS-0482,Swati Kulkarni,Sales Team C,2026-09-01,Online,Closed,29,34722.0,40908.63,West,Clothing
SLS-0483,Meera Pillai,Sales Team C,2026-09-05,Retail,Closed,44,34098.0,35486.32,East,Furniture
SLS-0484,Sunita Sharma,Sales Team A,2026-09-08,Retail,Closed,5,24884.0,26507.09,North,Electronics
SLS-0485,Bhavna Patel,Sales Team C,2026-09-08,Retail,Closed,13,38741.0,37665.45,North,Furniture
SLS-0486,Pooja Gupta,Sales Team C,2026-09-21,Retail,Lost,13,49722.0,0.0,West,Furniture
SLS-0487,Swati Kulkarni,Sales Team A,2026-09-22,Retail,Closed,39,23491.0,25792.45,East,Electronics
SLS-0488,Kiran Das,Sales Team C,2026-09-10,Wholesale,Pipeline,23,52837.0,0.0,South,Clothing
SLS-0489,Alok Kumar,Sales Team B,2026-09-11,Online,Closed,11,13538.0,14061.3,West,Clothing
SLS-0490,Divya Saxena,Sales Team B,2026-09-09,Retail,Closed,13,44143.0,43799.32,South,Electronics
SLS-0491,Pooja Gupta,Sales Team C,2026-09-27,Retail,Closed,20,55766.0,60010.4,West,Electronics
SLS-0492,Rajesh Kumar,Sales Team B,2026-09-27,Retail,Closed,42,35177.0,35886.35,North,Electronics
SLS-0493,Suresh Iyer,Sales Team C,2026-09-13,Wholesale,Closed,29,35209.0,37941.5,South,Electronics
SLS-0494,Arjun Rao,Sales Team A,2026-09-22,Wholesale,Closed,47,29998.0,27373.85,East,Electronics
SLS-0495,Sunita Sharma,Sales Team C,2026-09-25,Wholesale,Lost,21,59369.0,0.0,South,Electronics
SLS-0496,Manoj Tiwari,Sales Team C,2026-09-27,Online,Closed,32,57790.0,73475.74,North,Electronics
SLS-0497,Lakshmi Bhat,Sales Team B,2026-09-24,Online,Closed,39,40376.0,43183.51,East,Electronics
SLS-0498,Arjun Rao,Sales Team B,2026-09-24,Retail,Closed,5,28395.0,34637.23,East,Electronics
SLS-0499,Kavita Nair,Sales Team C,2026-09-10,Wholesale,Closed,7,50340.0,50828.7,East,Clothing
SLS-0500,Suresh Iyer,Sales Team C,2026-09-26,Online,Closed,24,47253.0,55017.17,East,Electronics
SLS-0501,Kiran Das,Sales Team B,2026-09-01,Wholesale,Closed,7,33509.0,36594.61,South,Furniture
SLS-0502,Priya Sharma,Sales Team C,2026-09-03,Wholesale,Pipeline,40,30580.0,0.0,North,Furniture
SLS-0503,Anita Desai,Sales Team B,2026-09-25,Wholesale,Closed,36,18337.0,18171.37,South,Electronics
SLS-0504,Bhavna Patel,Sales Team C,2026-09-21,Retail,Closed,46,12523.0,12193.67,West,Clothing
SLS-0505,Manoj Tiwari,Sales Team A,2026-09-18,Online,Closed,50,26977.0,34803.38,North,Clothing
SLS-0506,Bhavna Patel,Sales Team B,2026-09-18,Online,Closed,20,32919.0,31064.52,West,Electronics
SLS-0507,Sanjay Verma,Sales Team A,2026-09-08,Retail,Closed,28,54631.0,58257.84,West,Furniture
SLS-0508,Vikram Singh,Sales Team A,2026-09-11,Online,Pipeline,26,36747.0,0.0,East,Furniture
SLS-0509,Deepa Joshi,Sales Team C,2026-09-01,Retail,Closed,23,19834.0,25085.03,North,Electronics
SLS-0510,Divya Saxena,Sales Team A,2026-09-26,Wholesale,Closed,54,58630.0,64684.89,East,Electronics
SLS-0511,Arjun Rao,Sales Team C,2026-09-02,Online,Closed,29,59978.0,77919.12,North,Electronics
SLS-0512,Sunita Sharma,Sales Team A,2026-09-19,Online,Lost,45,45928.0,0.0,West,Clothing
SLS-0513,Geeta Yadav,Sales Team A,2026-09-28,Online,Pipeline,43,40954.0,0.0,West,Furniture
SLS-0514,Suresh Iyer,Sales Team A,2026-09-27,Online,Closed,20,31540.0,31452.61,East,Electronics
SLS-0515,Kiran Das,Sales Team B,2026-09-24,Retail,Closed,33,58024.0,74447.31,West,Furniture
SLS-0516,Amit Patel,Sales Team B,2026-09-18,Online,Closed,28,52816.0,57762.84,South,Furniture
SLS-0517,Anjali Singh,Sales Team B,2026-09-08,Online,Pipeline,13,45233.0,0.0,South,Furniture
SLS-0518,Swati Kulkarni,Sales Team C,2026-09-22,Retail,Closed,55,28801.0,29855.94,North,Electronics
SLS-0519,Meera Pillai,Sales Team B,2026-09-17,Retail,Closed,45,22982.0,28956.15,West,Electronics
SLS-0520,Anita Desai,Sales Team A,2026-09-14,Wholesale,Closed,50,40792.0,48833.8,South,Electronics
SLS-0521,Siddharth Rao,Sales Team B,2026-09-01,Online,Closed,9,18675.0,20653.78,West,Furniture
SLS-0522,Pooja Gupta,Sales Team A,2026-09-13,Online,Closed,50,29227.0,27695.85,East,Clothing
SLS-0523,Divya Saxena,Sales Team C,2026-09-04,Online,Closed,52,33262.0,42574.28,West,Clothing
SLS-0524,Kiran Das,Sales Team C,2026-09-27,Wholesale,Closed,35,55882.0,53302.61,South,Clothing
SLS-0525,Tarun Kapoor,Sales Team C,2026-09-30,Online,Closed,5,48899.0,55608.89,West,Furniture
SLS-0526,Manoj Tiwari,Sales Team B,2026-09-06,Online,Closed,22,16350.0,16234.0,West,Furniture
SLS-0527,Priya Sharma,Sales Team C,2026-09-17,Online,Closed,59,37963.0,38498.39,West,Furniture
SLS-0528,Tarun Kapoor,Sales Team A,2026-09-05,Retail,Pipeline,52,57905.0,0.0,South,Furniture
SLS-0529,Sanjay Verma,Sales Team B,2026-09-19,Online,Closed,27,28664.0,27696.22,East,Furniture
SLS-0530,Neha Agarwal,Sales Team B,2026-09-08,Retail,Closed,21,49725.0,59738.99,South,Clothing
SLS-0531,Suresh Iyer,Sales Team A,2026-09-04,Retail,Closed,37,59470.0,57539.66,North,Clothing
SLS-0532,Lakshmi Bhat,Sales Team A,2026-09-01,Wholesale,Pipeline,6,34218.0,0.0,South,Furniture
SLS-0533,Rahul Mishra,Sales Team B,2026-09-24,Wholesale,Closed,58,39743.0,40457.45,North,Clothing
SLS-0534,Ashok Mehta,Sales Team A,2026-09-15,Wholesale,Closed,10,18966.0,24603.28,North,Furniture
SLS-0535,Anjali Singh,Sales Team A,2026-09-24,Retail,Closed,25,20271.0,22355.35,East,Furniture
SLS-0536,Ramesh Pandey,Sales Team C,2026-09-17,Online,Closed,50,55084.0,56512.0,North,Furniture
SLS-0537,Sneha Reddy,Sales Team C,2026-09-26,Online,Closed,58,46580.0,54240.18,North,Clothing
SLS-0538,Ramesh Pandey,Sales Team A,2026-09-08,Retail,Closed,60,24431.0,28568.12,East,Furniture
SLS-0539,Vikram Singh,Sales Team B,2026-09-27,Retail,Closed,23,18637.0,18253.62,North,Clothing
SLS-0540,Bhavna Patel,Sales Team C,2026-09-24,Retail,Closed,9,42157.0,47346.31,South,Clothing
SLS-0541,Anita Desai,Sales Team A,2026-09-14,Online,Closed,29,51354.0,58212.82,East,Furniture
SLS-0542,Sanjay Verma,Sales Team C,2026-09-06,Wholesale,Pipeline,23,53776.0,0.0,West,Furniture
SLS-0543,Anjali Singh,Sales Team C,2026-09-13,Online,Closed,35,29360.0,27557.69,North,Furniture
SLS-0544,Meera Pillai,Sales Team B,2026-09-11,Retail,Closed,12,21547.0,23397.77,East,Clothing
SLS-0545,Sneha Reddy,Sales Team B,2026-09-23,Wholesale,Closed,54,41702.0,51545.69,West,Clothing
SLS-0546,Meera Pillai,Sales Team C,2026-09-08,Retail,Closed,37,24097.0,30264.01,West,Electronics
SLS-0547,Lakshmi Bhat,Sales Team B,2026-09-09,Online,Closed,30,38963.0,41693.52,East,Electronics
SLS-0548,Suresh Iyer,Sales Team B,2026-09-24,Retail,Closed,57,12990.0,13294.02,West,Electronics
SLS-0549,Rahul Mishra,Sales Team A,2026-09-18,Retail,Closed,12,50193.0,57435.88,South,Clothing
SLS-0550,Lakshmi Bhat,Sales Team A,2026-09-24,Retail,Pipeline,10,56185.0,0.0,East,Furniture
SLS-0551,Tarun Kapoor,Sales Team C,2026-09-03,Online,Closed,18,33730.0,37581.6,South,Clothing
SLS-0552,Arjun Rao,Sales Team C,2026-09-08,Wholesale,Pipeline,28,31725.0,0.0,West,Electronics
SLS-0553,Lakshmi Bhat,Sales Team C,2026-09-08,Retail,Closed,6,59487.0,75913.86,North,Clothing
SLS-0554,Arjun Rao,Sales Team B,2026-09-02,Retail,Closed,6,25073.0,28899.7,South,Electronics
SLS-0555,Suresh Iyer,Sales Team C,2026-09-04,Wholesale,Closed,13,58531.0,73201.72,North,Electronics
SLS-0556,Amit Patel,Sales Team C,2026-09-24,Online,Closed,31,11320.0,10254.75,South,Electronics
SLS-0557,Geeta Yadav,Sales Team C,2026-09-26,Wholesale,Closed,43,30459.0,36974.45,West,Clothing
SLS-0558,Geeta Yadav,Sales Team A,2026-09-10,Wholesale,Closed,11,27319.0,35178.81,West,Furniture
SLS-0559,Deepa Joshi,Sales Team B,2026-09-03,Retail,Lost,40,28255.0,0.0,West,Furniture
SLS-0560,Sunita Sharma,Sales Team C,2026-09-18,Online,Closed,6,42573.0,50705.42,East,Clothing
SLS-0561,Ashok Mehta,Sales Team A,2026-09-15,Retail,Closed,6,36040.0,43553.7,West,Furniture
SLS-0562,Neha Agarwal,Sales Team C,2026-09-04,Online,Closed,14,51282.0,66170.55,North,Clothing
SLS-0563,Anita Desai,Sales Team A,2026-09-28,Wholesale,Closed,10,19262.0,20442.34,West,Clothing
SLS-0564,Geeta Yadav,Sales Team C,2026-09-25,Retail,Closed,36,26516.0,28232.74,East,Electronics
SLS-0565,Priya Sharma,Sales Team B,2026-09-23,Online,Closed,60,10365.0,10440.23,South,Clothing
SLS-0566,Anjali Singh,Sales Team B,2026-09-18,Wholesale,Closed,46,25449.0,26180.28,West,Clothing
SLS-0567,Lakshmi Bhat,Sales Team C,2026-09-24,Retail,Lost,32,55826.0,0.0,North,Furniture
SLS-0568,Vikram Singh,Sales Team A,2026-09-06,Online,Closed,15,22934.0,24654.98,North,Electronics
SLS-0569,Alok Kumar,Sales Team B,2026-09-16,Retail,Closed,38,41928.0,40080.91,West,Furniture
SLS-0570,Rajesh Kumar,Sales Team B,2026-09-04,Wholesale,Lost,51,54347.0,0.0,East,Clothing
SLS-0571,Manoj Tiwari,Sales Team C,2026-09-29,Wholesale,Closed,15,19274.0,19583.9,South,Clothing
SLS-0572,Ashok Mehta,Sales Team B,2026-09-17,Online,Closed,34,23803.0,30336.47,South,Electronics
SLS-0573,Sanjay Verma,Sales Team C,2026-09-27,Wholesale,Closed,31,21745.0,20878.24,North,Electronics
SLS-0574,Deepa Joshi,Sales Team C,2026-09-07,Retail,Closed,39,40054.0,41352.31,North,Clothing
SLS-0575,Kiran Das,Sales Team C,2026-09-06,Retail,Closed,40,24813.0,25755.47,North,Electronics
SLS-0576,Suresh Iyer,Sales Team B,2026-09-27,Wholesale,Closed,24,34069.0,39172.55,West,Furniture
SLS-0577,Lakshmi Bhat,Sales Team C,2026-09-21,Online,Closed,42,19989.0,18813.46,South,Furniture
SLS-0578,Anita Desai,Sales Team B,2026-09-19,Retail,Closed,38,48490.0,56148.13,West,Furniture
SLS-0579,Rahul Mishra,Sales Team C,2026-09-20,Wholesale,Lost,52,50362.0,0.0,West,Electronics
SLS-0580,Anita Desai,Sales Team A,2026-09-26,Retail,Lost,10,50299.0,0.0,South,Electronics
SLS-0581,Anita Desai,Sales Team B,2026-09-28,Retail,Closed,8,18976.0,20962.45,West,Furniture
SLS-0582,Swati Kulkarni,Sales Team B,2026-09-11,Wholesale,Closed,12,25779.0,28977.09,West,Furniture
SLS-0583,Ashok Mehta,Sales Team B,2026-09-12,Wholesale,Pipeline,25,44779.0,0.0,North,Clothing
SLS-0584,Siddharth Rao,Sales Team A,2026-09-06,Online,Pipeline,50,19364.0,0.0,West,Clothing
SLS-0585,Kiran Das,Sales Team B,2026-09-23,Wholesale,Closed,40,38535.0,44732.85,South,Electronics
SLS-0586,Bhavna Patel,Sales Team B,2026-09-28,Wholesale,Closed,27,57742.0,61762.64,South,Furniture
SLS-0587,Pooja Gupta,Sales Team A,2026-09-30,Online,Lost,17,38972.0,0.0,East,Clothing
SLS-0588,Ravi Menon,Sales Team A,2026-09-19,Wholesale,Closed,28,26630.0,29322.75,North,Clothing
SLS-0589,Suresh Iyer,Sales Team A,2026-09-21,Wholesale,Closed,30,12878.0,16719.44,East,Furniture
SLS-0590,Ramesh Pandey,Sales Team A,2026-09-19,Retail,Pipeline,35,49816.0,0.0,West,Furniture
SLS-0591,Anita Desai,Sales Team B,2026-09-24,Online,Closed,56,16808.0,15383.98,North,Clothing
SLS-0592,Alok Kumar,Sales Team C,2026-09-05,Online,Closed,60,18627.0,17381.41,North,Electronics
SLS-0593,Kiran Das,Sales Team C,2026-09-23,Retail,Closed,59,45657.0,46158.83,South,Clothing
SLS-0594,Divya Saxena,Sales Team C,2026-09-01,Wholesale,Pipeline,59,30740.0,0.0,South,Clothing
SLS-0595,Geeta Yadav,Sales Team B,2026-09-17,Retail,Lost,30,37287.0,0.0,North,Electronics
SLS-0596,Ravi Menon,Sales Team C,2026-09-05,Online,Closed,16,39058.0,35847.56,South,Clothing
SLS-0597,Sanjay Verma,Sales Team B,2026-09-06,Online,Closed,58,10211.0,10460.82,East,Electronics
SLS-0598,Manoj Tiwari,Sales Team B,2026-09-19,Online,Closed,34,15777.0,14933.0,North,Electronics
SLS-0599,Geeta Yadav,Sales Team A,2026-09-06,Wholesale,Closed,6,21097.0,25643.29,South,Clothing
SLS-0600,Pooja Gupta,Sales Team B,2026-09-03,Online,Lost,24,54622.0,0.0,South,Clothing
SLS-0601,Tarun Kapoor,Sales Team C,2026-09-05,Wholesale,Closed,50,28813.0,27983.23,South,Clothing
SLS-0602,Manoj Tiwari,Sales Team B,2026-09-08,Retail,Closed,17,21607.0,27910.01,East,Clothing
SLS-0603,Kiran Das,Sales Team B,2026-09-03,Wholesale,Closed,28,32862.0,39728.46,West,Clothing
SLS-0604,Swati Kulkarni,Sales Team A,2026-09-02,Online,Closed,39,47271.0,46527.2,West,Furniture
SLS-0605,Ramesh Pandey,Sales Team C,2026-09-26,Wholesale,Closed,49,43014.0,48203.4,East,Electronics
SLS-0606,Sanjay Verma,Sales Team A,2026-09-09,Retail,Closed,7,17556.0,19431.19,South,Furniture
SLS-0607,Vikram Singh,Sales Team B,2026-09-19,Wholesale,Closed,29,53142.0,60335.11,North,Furniture
SLS-0608,Ashok Mehta,Sales Team A,2026-09-21,Wholesale,Pipeline,5,20403.0,0.0,West,Furniture
SLS-0609,Manoj Tiwari,Sales Team B,2026-09-21,Retail,Closed,27,30072.0,29022.43,South,Electronics
SLS-0610,Kiran Das,Sales Team C,2026-09-15,Online,Closed,32,57903.0,61361.74,South,Furniture
SLS-0611,Geeta Yadav,Sales Team B,2026-09-20,Wholesale,Closed,30,29672.0,27181.08,South,Clothing
SLS-0612,Sneha Reddy,Sales Team B,2026-09-14,Wholesale,Lost,30,48867.0,0.0,North,Electronics
SLS-0613,Sanjay Verma,Sales Team A,2026-09-30,Wholesale,Pipeline,49,44346.0,0.0,South,Clothing
SLS-0614,Tarun Kapoor,Sales Team A,2026-09-05,Online,Closed,8,15924.0,16301.55,South,Furniture
SLS-0615,Kiran Das,Sales Team B,2026-09-06,Wholesale,Closed,14,23133.0,28989.86,East,Furniture
SLS-0616,Amit Patel,Sales Team A,2026-09-08,Retail,Closed,51,26038.0,25039.58,East,Electronics
SLS-0617,Neha Agarwal,Sales Team A,2026-09-12,Retail,Closed,48,35824.0,42254.83,West,Clothing
SLS-0618,Arjun Rao,Sales Team B,2026-09-23,Retail,Closed,11,35400.0,33679.59,South,Furniture
SLS-0619,Tarun Kapoor,Sales Team B,2026-09-29,Wholesale,Pipeline,51,37826.0,0.0,West,Clothing
SLS-0620,Amit Patel,Sales Team B,2026-09-16,Online,Closed,42,11762.0,11628.83,South,Electronics
SLS-0621,Pooja Gupta,Sales Team B,2026-09-11,Online,Pipeline,44,49267.0,0.0,West,Electronics
SLS-0622,Ramesh Pandey,Sales Team A,2026-09-05,Wholesale,Closed,18,29787.0,31996.01,East,Furniture
SLS-0623,Ramesh Pandey,Sales Team A,2026-09-14,Retail,Closed,29,54254.0,66651.58,North,Furniture
SLS-0624,Meera Pillai,Sales Team A,2026-09-06,Wholesale,Closed,58,16975.0,18434.33,North,Furniture
SLS-0625,Swati Kulkarni,Sales Team C,2026-09-04,Online,Pipeline,56,10801.0,0.0,South,Furniture
SLS-0626,Vikram Singh,Sales Team C,2026-09-17,Wholesale,Closed,5,41859.0,48620.35,West,Furniture
SLS-0627,Tarun Kapoor,Sales Team A,2026-09-10,Wholesale,Closed,45,17599.0,20088.46,West,Clothing
SLS-0628,Pooja Gupta,Sales Team B,2026-09-23,Wholesale,Pipeline,28,17318.0,0.0,South,Furniture
SLS-0629,Lakshmi Bhat,Sales Team B,2026-09-28,Online,Closed,5,32093.0,41055.95,East,Electronics
SLS-0630,Sanjay Verma,Sales Team C,2026-09-24,Wholesale,Closed,34,28462.0,26069.42,West,Furniture
SLS-0631,Pooja Gupta,Sales Team A,2026-09-29,Online,Closed,21,37898.0,39223.85,East,Electronics
SLS-0632,Lakshmi Bhat,Sales Team B,2026-09-06,Wholesale,Closed,6,39279.0,40451.6,North,Clothing
SLS-0633,Sneha Reddy,Sales Team B,2026-09-24,Retail,Closed,30,26294.0,25507.64,North,Electronics
SLS-0634,Geeta Yadav,Sales Team A,2026-09-21,Wholesale,Closed,22,32635.0,42058.07,South,Clothing
SLS-0635,Siddharth Rao,Sales Team C,2026-09-19,Wholesale,Closed,25,34431.0,31515.21,North,Furniture
SLS-0636,Sanjay Verma,Sales Team C,2026-09-03,Wholesale,Lost,52,29790.0,0.0,West,Furniture
SLS-0637,Rajesh Kumar,Sales Team A,2026-09-24,Wholesale,Closed,52,15195.0,18761.89,West,Electronics
SLS-0638,Anjali Singh,Sales Team A,2026-09-19,Wholesale,Lost,44,43688.0,0.0,South,Clothing
SLS-0639,Anjali Singh,Sales Team A,2026-09-12,Online,Closed,53,38635.0,39018.05,South,Furniture
SLS-0640,Sanjay Verma,Sales Team C,2026-09-02,Online,Closed,16,54447.0,55207.35,North,Furniture
SLS-0641,Ravi Menon,Sales Team A,2026-09-26,Wholesale,Closed,22,27501.0,29837.94,East,Electronics
SLS-0642,Kavita Nair,Sales Team A,2026-09-01,Online,Closed,9,50067.0,50824.64,West,Clothing
SLS-0643,Meera Pillai,Sales Team C,2026-09-20,Wholesale,Closed,35,46546.0,42125.38,East,Furniture
SLS-0644,Pooja Gupta,Sales Team B,2026-09-05,Wholesale,Pipeline,36,23804.0,0.0,South,Clothing
SLS-0645,Arjun Rao,Sales Team B,2026-09-13,Retail,Closed,41,15151.0,17462.34,East,Electronics
SLS-0646,Ravi Menon,Sales Team C,2026-09-17,Wholesale,Closed,53,30665.0,33136.59,West,Electronics
SLS-0647,Vikram Singh,Sales Team C,2026-09-19,Retail,Closed,41,38280.0,40812.5,North,Furniture
SLS-0648,Lakshmi Bhat,Sales Team C,2026-09-16,Retail,Closed,39,18630.0,19587.05,North,Electronics
SLS-0649,Arjun Rao,Sales Team A,2026-09-07,Retail,Closed,16,20427.0,24650.28,West,Clothing
SLS-0650,Meera Pillai,Sales Team B,2026-09-25,Retail,Closed,43,28276.0,29060.98,East,Clothing
SLS-0651,Sneha Reddy,Sales Team C,2026-09-29,Online,Lost,53,51694.0,0.0,East,Clothing
SLS-0652,Lakshmi Bhat,Sales Team C,2026-09-13,Retail,Pipeline,36,59599.0,0.0,West,Furniture
SLS-0653,Siddharth Rao,Sales Team B,2026-09-06,Retail,Closed,5,44908.0,55324.25,West,Clothing
SLS-0654,Anita Desai,Sales Team C,2026-09-30,Retail,Closed,46,37400.0,48234.74,West,Electronics
SLS-0655,Ramesh Pandey,Sales Team A,2026-09-20,Retail,Closed,44,42988.0,55865.66,West,Electronics
SLS-0656,Manoj Tiwari,Sales Team C,2026-09-08,Retail,Closed,35,54850.0,51360.8,East,Electronics
SLS-0657,Geeta Yadav,Sales Team C,2026-09-29,Online,Closed,37,22650.0,28088.8,South,Furniture
SLS-0658,Pooja Gupta,Sales Team C,2026-09-28,Retail,Closed,50,23093.0,23764.77,East,Electronics
SLS-0659,Alok Kumar,Sales Team A,2026-09-07,Online,Closed,20,54805.0,62548.92,South,Electronics
SLS-0660,Kiran Das,Sales Team C,2026-09-21,Retail,Pipeline,58,31709.0,0.0,South,Electronics
SLS-0661,Kiran Das,Sales Team C,2026-09-03,Retail,Closed,48,54359.0,57758.54,West,Furniture
SLS-0662,Amit Patel,Sales Team B,2026-09-09,Online,Closed,50,49778.0,57684.53,North,Furniture
SLS-0663,Neha Agarwal,Sales Team C,2026-09-02,Wholesale,Pipeline,58,57523.0,0.0,North,Furniture
SLS-0664,Arjun Rao,Sales Team C,2026-09-30,Online,Closed,33,38087.0,46274.54,North,Electronics
SLS-0665,Bhavna Patel,Sales Team B,2026-09-25,Online,Closed,12,57316.0,55457.89,West,Clothing
SLS-0666,Manoj Tiwari,Sales Team A,2026-09-30,Retail,Pipeline,18,27334.0,0.0,North,Furniture
SLS-0667,Ramesh Pandey,Sales Team C,2026-09-03,Wholesale,Pipeline,36,59316.0,0.0,South,Furniture
SLS-0668,Manoj Tiwari,Sales Team B,2026-09-23,Wholesale,Closed,33,55846.0,56022.96,East,Clothing
SLS-0669,Priya Sharma,Sales Team A,2026-09-05,Online,Closed,19,34304.0,38606.26,East,Furniture
SLS-0670,Ashok Mehta,Sales Team A,2026-09-19,Online,Closed,50,38826.0,45399.69,South,Clothing
SLS-0671,Anjali Singh,Sales Team C,2026-09-05,Retail,Closed,59,35180.0,35282.81,South,Electronics
SLS-0672,Bhavna Patel,Sales Team A,2026-09-19,Wholesale,Closed,5,27001.0,28233.99,West,Furniture
SLS-0673,Divya Saxena,Sales Team A,2026-09-12,Online,Closed,59,42839.0,43940.75,East,Furniture
SLS-0674,Bhavna Patel,Sales Team B,2026-09-21,Retail,Pipeline,35,21494.0,0.0,West,Furniture
SLS-0675,Rajesh Kumar,Sales Team C,2026-09-03,Wholesale,Closed,18,24700.0,23712.87,North,Clothing
SLS-0676,Ravi Menon,Sales Team B,2026-09-16,Wholesale,Closed,45,10799.0,13347.47,South,Clothing
SLS-0677,Ravi Menon,Sales Team B,2026-09-22,Retail,Closed,11,31595.0,34848.23,East,Clothing
SLS-0678,Lakshmi Bhat,Sales Team C,2026-09-18,Retail,Lost,8,39270.0,0.0,South,Electronics
SLS-0679,Suresh Iyer,Sales Team C,2026-09-06,Online,Lost,59,26062.0,0.0,South,Clothing
SLS-0680,Ashok Mehta,Sales Team B,2026-09-06,Retail,Lost,22,46174.0,0.0,East,Electronics
SLS-0681,Geeta Yadav,Sales Team A,2026-09-24,Retail,Lost,13,44246.0,0.0,East,Electronics
SLS-0682,Ravi Menon,Sales Team A,2026-09-08,Online,Closed,35,40426.0,37972.47,North,Furniture
SLS-0683,Anjali Singh,Sales Team C,2026-09-03,Retail,Closed,33,15464.0,16862.17,North,Clothing
SLS-0684,Rahul Mishra,Sales Team A,2026-09-20,Wholesale,Closed,5,48123.0,51583.15,North,Clothing
SLS-0685,Alok Kumar,Sales Team B,2026-09-25,Online,Closed,56,51610.0,59132.95,West,Electronics
SLS-0686,Suresh Iyer,Sales Team B,2026-09-20,Wholesale,Closed,16,31537.0,34782.7,East,Clothing
SLS-0687,Deepa Joshi,Sales Team B,2026-09-28,Online,Closed,22,54423.0,61198.98,East,Clothing
SLS-0688,Kiran Das,Sales Team A,2026-09-25,Retail,Closed,25,43393.0,47220.37,South,Electronics
SLS-0689,Amit Patel,Sales Team B,2026-09-22,Wholesale,Closed,60,39045.0,40488.6,South,Electronics
SLS-0690,Tarun Kapoor,Sales Team A,2026-09-25,Retail,Closed,37,30013.0,30853.55,West,Electronics
SLS-0691,Swati Kulkarni,Sales Team B,2026-09-30,Online,Closed,48,20131.0,20724.99,South,Furniture
SLS-0692,Anjali Singh,Sales Team A,2026-09-28,Retail,Closed,15,31343.0,40203.13,West,Clothing
SLS-0693,Divya Saxena,Sales Team B,2026-09-25,Online,Closed,21,40931.0,52135.12,East,Furniture
SLS-0694,Vikram Singh,Sales Team B,2026-09-11,Online,Closed,52,30666.0,33115.7,West,Clothing
SLS-0695,Arjun Rao,Sales Team B,2026-09-01,Wholesale,Closed,31,33174.0,38426.01,South,Furniture
SLS-0696,Tarun Kapoor,Sales Team B,2026-09-01,Online,Closed,47,56967.0,57102.11,East,Electronics
SLS-0697,Manoj Tiwari,Sales Team B,2026-09-26,Wholesale,Closed,40,58432.0,57250.56,South,Clothing
SLS-0698,Sanjay Verma,Sales Team B,2026-09-28,Wholesale,Closed,20,20513.0,21132.35,West,Clothing
SLS-0699,Rahul Mishra,Sales Team B,2026-09-02,Online,Closed,50,41918.0,41915.42,West,Electronics
SLS-0700,Sneha Reddy,Sales Team A,2026-09-21,Wholesale,Closed,28,38712.0,49142.66,North,Furniture
SLS-0701,Vikram Singh,Sales Team C,2026-09-03,Wholesale,Lost,51,37117.0,0.0,South,Electronics
SLS-0702,Rahul Mishra,Sales Team B,2026-09-19,Retail,Closed,33,26071.0,26882.77,East,Clothing
SLS-0703,Sanjay Verma,Sales Team B,2026-09-23,Retail,Closed,54,14456.0,18045.28,East,Furniture
SLS-0704,Alok Kumar,Sales Team B,2026-09-24,Retail,Closed,34,24921.0,27022.38,East,Electronics
SLS-0705,Swati Kulkarni,Sales Team C,2026-09-09,Wholesale,Closed,6,19192.0,18187.8,West,Furniture
SLS-0706,Arjun Rao,Sales Team B,2026-09-26,Retail,Pipeline,8,43571.0,0.0,East,Electronics
SLS-0707,Rahul Mishra,Sales Team B,2026-09-02,Online,Pipeline,25,45311.0,0.0,West,Furniture
SLS-0708,Rahul Mishra,Sales Team B,2026-09-21,Retail,Closed,41,16038.0,20684.06,North,Clothing
SLS-0709,Anita Desai,Sales Team C,2026-09-28,Retail,Closed,34,49979.0,57979.12,South,Electronics
SLS-0710,Tarun Kapoor,Sales Team C,2026-09-14,Wholesale,Closed,52,19974.0,23173.38,North,Electronics
SLS-0711,Ramesh Pandey,Sales Team C,2026-09-11,Wholesale,Closed,49,58461.0,71794.98,West,Electronics
SLS-0712,Arjun Rao,Sales Team C,2026-09-10,Retail,Closed,29,11236.0,10150.77,East,Furniture
SLS-0713,Vikram Singh,Sales Team B,2026-09-28,Retail,Closed,54,31405.0,34952.06,South,Clothing
SLS-0714,Sunita Sharma,Sales Team B,2026-09-29,Online,Pipeline,14,22376.0,0.0,South,Electronics
SLS-0715,Deepa Joshi,Sales Team A,2026-09-04,Retail,Closed,59,12585.0,15250.32,East,Electronics
SLS-0716,Manoj Tiwari,Sales Team B,2026-09-30,Retail,Closed,17,29852.0,28816.6,East,Electronics
SLS-0717,Sunita Sharma,Sales Team A,2026-09-25,Wholesale,Closed,33,18068.0,22289.82,West,Electronics
SLS-0718,Kiran Das,Sales Team C,2026-09-28,Online,Closed,8,39282.0,42244.6,South,Electronics
SLS-0719,Tarun Kapoor,Sales Team B,2026-09-19,Retail,Closed,16,43207.0,54670.39,North,Electronics
SLS-0720,Tarun Kapoor,Sales Team A,2026-09-04,Wholesale,Closed,27,59131.0,76760.5,West,Electronics
SLS-0721,Ravi Menon,Sales Team A,2026-09-26,Online,Closed,21,43340.0,40947.5,West,Electronics
SLS-0722,Rajesh Kumar,Sales Team B,2026-09-26,Wholesale,Closed,59,16557.0,17250.28,East,Electronics
SLS-0723,Meera Pillai,Sales Team C,2026-09-10,Retail,Lost,10,52626.0,0.0,West,Furniture
SLS-0724,Rajesh Kumar,Sales Team B,2026-09-24,Online,Pipeline,7,19223.0,0.0,South,Electronics
SLS-0725,Rahul Mishra,Sales Team A,2026-09-05,Online,Closed,49,40789.0,49147.28,North,Clothing
SLS-0726,Anjali Singh,Sales Team A,2026-09-28,Online,Closed,28,50472.0,53800.66,South,Furniture
SLS-0727,Anita Desai,Sales Team A,2026-09-30,Online,Lost,52,53821.0,0.0,South,Furniture
SLS-0728,Alok Kumar,Sales Team A,2026-09-26,Retail,Closed,18,30058.0,31905.42,East,Furniture
SLS-0729,Divya Saxena,Sales Team B,2026-09-01,Retail,Closed,35,12242.0,14616.71,South,Furniture
SLS-0730,Priya Sharma,Sales Team C,2026-09-13,Online,Closed,15,20365.0,19144.04,East,Electronics
SLS-0731,Amit Patel,Sales Team B,2026-09-03,Retail,Lost,34,37202.0,0.0,West,Electronics
SLS-0732,Bhavna Patel,Sales Team C,2026-09-26,Online,Closed,35,40768.0,51360.33,East,Electronics
SLS-0733,Manoj Tiwari,Sales Team C,2026-09-18,Wholesale,Lost,47,56944.0,0.0,North,Furniture
SLS-0734,Neha Agarwal,Sales Team C,2026-09-27,Online,Closed,19,43733.0,41630.45,South,Electronics
SLS-0735,Swati Kulkarni,Sales Team A,2026-09-24,Retail,Closed,23,50305.0,47391.9,South,Furniture
SLS-0736,Anita Desai,Sales Team C,2026-09-22,Wholesale,Closed,34,53801.0,61134.82,East,Electronics
SLS-0737,Manoj Tiwari,Sales Team B,2026-09-12,Online,Closed,52,12242.0,14680.29,West,Clothing
SLS-0738,Priya Sharma,Sales Team A,2026-09-06,Retail,Closed,7,25586.0,24684.2,East,Electronics
SLS-0739,Rahul Mishra,Sales Team B,2026-09-16,Wholesale,Closed,60,47827.0,50804.84,South,Furniture
SLS-0740,Divya Saxena,Sales Team B,2026-09-18,Wholesale,Closed,22,52956.0,63939.31,East,Furniture
SLS-0741,Alok Kumar,Sales Team A,2026-09-09,Wholesale,Pipeline,36,45972.0,0.0,West,Clothing
SLS-0742,Sneha Reddy,Sales Team C,2026-09-28,Wholesale,Closed,21,14136.0,17143.88,West,Clothing
SLS-0743,Rajesh Kumar,Sales Team C,2026-09-05,Retail,Closed,34,17283.0,16386.2,East,Electronics
SLS-0744,Bhavna Patel,Sales Team B,2026-09-10,Wholesale,Closed,10,43077.0,41915.86,South,Electronics
SLS-0745,Siddharth Rao,Sales Team C,2026-09-08,Retail,Closed,52,33195.0,36854.08,South,Clothing
SLS-0746,Bhavna Patel,Sales Team C,2026-09-17,Retail,Pipeline,28,45353.0,0.0,South,Clothing
SLS-0747,Sanjay Verma,Sales Team A,2026-09-12,Retail,Closed,15,51609.0,59542.6,South,Clothing
SLS-0748,Vikram Singh,Sales Team C,2026-09-20,Wholesale,Pipeline,22,13205.0,0.0,West,Furniture
SLS-0749,Arjun Rao,Sales Team C,2026-09-14,Wholesale,Closed,13,57287.0,73055.67,North,Electronics
SLS-0750,Suresh Iyer,Sales Team C,2026-09-18,Online,Closed,51,50181.0,57085.6,North,Electronics
SLS-0751,Tarun Kapoor,Sales Team B,2026-09-05,Retail,Closed,15,25890.0,27352.66,South,Clothing
SLS-0752,Meera Pillai,Sales Team B,2026-09-19,Retail,Closed,27,14622.0,14483.41,East,Electronics
SLS-0753,Alok Kumar,Sales Team B,2026-09-04,Online,Closed,48,19951.0,19598.51,South,Clothing
SLS-0754,Suresh Iyer,Sales Team B,2026-09-01,Online,Closed,24,44356.0,41740.99,West,Electronics
SLS-0755,Swati Kulkarni,Sales Team B,2026-09-10,Retail,Closed,44,39777.0,38244.42,East,Furniture
SLS-0756,Priya Sharma,Sales Team B,2026-09-27,Wholesale,Closed,34,37912.0,42991.88,West,Furniture
SLS-0757,Kavita Nair,Sales Team C,2026-09-04,Retail,Lost,43,49259.0,0.0,East,Electronics
SLS-0758,Bhavna Patel,Sales Team C,2026-09-16,Online,Lost,31,13712.0,0.0,North,Furniture
SLS-0759,Siddharth Rao,Sales Team C,2026-09-24,Wholesale,Lost,45,43280.0,0.0,East,Furniture
SLS-0760,Swati Kulkarni,Sales Team B,2026-09-12,Retail,Closed,50,41820.0,41698.63,West,Electronics
SLS-0761,Rahul Mishra,Sales Team B,2026-09-22,Wholesale,Closed,54,56434.0,61803.4,West,Clothing
SLS-0762,Sanjay Verma,Sales Team C,2026-09-13,Retail,Closed,42,52118.0,66795.92,North,Electronics
SLS-0763,Tarun Kapoor,Sales Team A,2026-09-12,Online,Closed,43,37645.0,46157.04,North,Furniture
SLS-0764,Ramesh Pandey,Sales Team B,2026-09-28,Wholesale,Closed,38,12442.0,15876.97,West,Clothing
SLS-0765,Sunita Sharma,Sales Team A,2026-09-07,Online,Closed,45,31558.0,29649.43,West,Electronics
SLS-0766,Geeta Yadav,Sales Team B,2026-09-28,Wholesale,Closed,48,32547.0,33879.84,South,Furniture
SLS-0767,Kiran Das,Sales Team A,2026-09-11,Wholesale,Closed,45,27247.0,32899.24,South,Electronics
SLS-0768,Lakshmi Bhat,Sales Team C,2026-09-21,Wholesale,Closed,53,32841.0,39816.01,South,Furniture
SLS-0769,Bhavna Patel,Sales Team A,2026-09-11,Wholesale,Closed,52,24914.0,25577.05,East,Electronics
SLS-0770,Sunita Sharma,Sales Team C,2026-09-03,Online,Closed,44,42584.0,49218.16,West,Electronics
SLS-0771,Suresh Iyer,Sales Team C,2026-09-16,Wholesale,Closed,33,33688.0,40489.89,South,Furniture
SLS-0772,Rajesh Kumar,Sales Team A,2026-09-07,Online,Closed,37,55890.0,64660.43,East,Clothing
SLS-0773,Lakshmi Bhat,Sales Team A,2026-09-13,Online,Closed,17,16118.0,15089.94,West,Furniture
SLS-0774,Vikram Singh,Sales Team C,2026-09-11,Online,Closed,13,35247.0,33183.3,East,Clothing
SLS-0775,Rahul Mishra,Sales Team A,2026-09-11,Retail,Closed,7,26115.0,29227.77,East,Electronics
SLS-0776,Neha Agarwal,Sales Team A,2026-09-27,Online,Lost,20,24800.0,0.0,West,Clothing
SLS-0777,Anjali Singh,Sales Team A,2026-09-05,Retail,Closed,6,50122.0,54798.85,West,Furniture
SLS-0778,Lakshmi Bhat,Sales Team C,2026-09-19,Retail,Closed,59,43985.0,49806.78,West,Clothing
SLS-0779,Suresh Iyer,Sales Team C,2026-09-26,Wholesale,Pipeline,21,38266.0,0.0,East,Furniture
SLS-0780,Alok Kumar,Sales Team A,2026-09-11,Online,Closed,49,18814.0,19353.3,South,Clothing
SLS-0781,Rahul Mishra,Sales Team A,2026-09-04,Online,Closed,39,30544.0,28770.1,South,Clothing
SLS-0782,Pooja Gupta,Sales Team C,2026-09-23,Online,Lost,57,24677.0,0.0,West,Furniture
SLS-0783,Rahul Mishra,Sales Team A,2026-09-15,Online,Closed,42,38585.0,35724.43,South,Electronics
SLS-0784,Lakshmi Bhat,Sales Team B,2026-09-18,Online,Closed,27,41236.0,51422.56,South,Electronics
SLS-0785,Swati Kulkarni,Sales Team B,2026-09-03,Online,Closed,21,57694.0,52561.01,West,Furniture
SLS-0786,Ashok Mehta,Sales Team A,2026-09-13,Retail,Closed,24,45284.0,53384.51,East,Furniture
SLS-0787,Kavita Nair,Sales Team C,2026-09-26,Online,Lost,14,45364.0,0.0,East,Electronics
SLS-0788,Divya Saxena,Sales Team A,2026-09-23,Wholesale,Closed,54,14653.0,16785.6,West,Clothing
SLS-0789,Anita Desai,Sales Team C,2026-09-07,Retail,Lost,54,59730.0,0.0,South,Electronics
SLS-0790,Rajesh Kumar,Sales Team C,2026-09-30,Wholesale,Closed,26,15839.0,14851.67,West,Clothing
SLS-0791,Ashok Mehta,Sales Team C,2026-09-13,Wholesale,Closed,35,19077.0,23634.61,South,Electronics
SLS-0792,Deepa Joshi,Sales Team B,2026-09-06,Online,Closed,21,42747.0,40023.75,East,Furniture
SLS-0793,Ravi Menon,Sales Team A,2026-09-12,Online,Closed,26,39604.0,47553.56,East,Electronics
SLS-0794,Alok Kumar,Sales Team C,2026-09-02,Online,Closed,28,16258.0,15728.07,North,Electronics
SLS-0795,Manoj Tiwari,Sales Team B,2026-09-10,Retail,Pipeline,41,46920.0,0.0,East,Electronics
SLS-0796,Anita Desai,Sales Team A,2026-09-21,Online,Closed,39,24311.0,31368.72,North,Clothing
SLS-0797,Sunita Sharma,Sales Team A,2026-09-20,Wholesale,Closed,33,56292.0,69711.41,South,Clothing
SLS-0798,Vikram Singh,Sales Team B,2026-09-01,Online,Closed,39,17882.0,21867.57,East,Furniture
SLS-0799,Sneha Reddy,Sales Team B,2026-09-22,Retail,Closed,15,16535.0,18172.96,South,Clothing
SLS-0800,Sunita Sharma,Sales Team B,2026-09-15,Online,Closed,29,39355.0,50280.12,North,Furniture
SLS-0801,Kavita Nair,Sales Team B,2026-09-05,Retail,Lost,36,22343.0,0.0,West,Electronics
SLS-0802,Pooja Gupta,Sales Team A,2026-09-30,Wholesale,Pipeline,47,56375.0,0.0,North,Clothing
SLS-0803,Amit Patel,Sales Team C,2026-09-21,Wholesale,Lost,41,47688.0,0.0,West,Clothing
SLS-0804,Ramesh Pandey,Sales Team A,2026-09-10,Wholesale,Closed,53,22978.0,23372.85,West,Furniture
SLS-0805,Meera Pillai,Sales Team B,2026-09-03,Wholesale,Closed,11,31070.0,34938.25,West,Furniture
SLS-0806,Neha Agarwal,Sales Team B,2026-09-25,Online,Closed,38,12728.0,12412.75,North,Furniture
SLS-0807,Alok Kumar,Sales Team C,2026-09-24,Online,Closed,46,30555.0,36534.7,North,Electronics
SLS-0808,Deepa Joshi,Sales Team B,2026-09-07,Wholesale,Lost,8,54837.0,0.0,West,Clothing
SLS-0809,Sanjay Verma,Sales Team C,2026-09-28,Retail,Closed,48,55821.0,51237.44,South,Electronics
SLS-0810,Kiran Das,Sales Team A,2026-09-29,Retail,Closed,9,56794.0,55740.09,South,Clothing
SLS-0811,Ramesh Pandey,Sales Team C,2026-09-01,Retail,Lost,18,55179.0,0.0,North,Furniture
SLS-0812,Rajesh Kumar,Sales Team A,2026-09-22,Wholesale,Lost,29,24966.0,0.0,East,Furniture
SLS-0813,Priya Sharma,Sales Team A,2026-09-05,Online,Closed,47,26920.0,33724.78,West,Clothing
SLS-0814,Rahul Mishra,Sales Team C,2026-09-28,Online,Closed,46,58276.0,73747.96,West,Clothing
SLS-0815,Rajesh Kumar,Sales Team B,2026-09-27,Wholesale,Closed,58,22418.0,27499.93,West,Furniture
SLS-0816,Divya Saxena,Sales Team A,2026-09-21,Online,Closed,49,39434.0,37523.63,South,Electronics
SLS-0817,Ramesh Pandey,Sales Team A,2026-09-04,Retail,Lost,36,14358.0,0.0,South,Clothing
SLS-0818,Manoj Tiwari,Sales Team A,2026-09-24,Wholesale,Lost,50,55548.0,0.0,West,Furniture
SLS-0819,Lakshmi Bhat,Sales Team B,2026-09-10,Online,Closed,53,17825.0,18858.18,South,Electronics
SLS-0820,Lakshmi Bhat,Sales Team B,2026-09-07,Retail,Closed,7,40733.0,44461.21,North,Electronics
SLS-0821,Priya Sharma,Sales Team B,2026-09-06,Retail,Closed,56,14417.0,14369.43,East,Furniture
SLS-0822,Geeta Yadav,Sales Team A,2026-09-15,Online,Closed,47,43005.0,51894.82,South,Electronics
SLS-0823,Geeta Yadav,Sales Team B,2026-09-02,Online,Closed,14,32370.0,40261.64,East,Electronics
SLS-0824,Pooja Gupta,Sales Team B,2026-09-07,Online,Closed,29,20033.0,25616.77,North,Electronics
SLS-0825,Anita Desai,Sales Team C,2026-09-07,Wholesale,Closed,33,11658.0,14555.42,North,Electronics
SLS-0826,Divya Saxena,Sales Team C,2026-09-10,Online,Closed,40,30811.0,28428.86,North,Furniture
SLS-0827,Sanjay Verma,Sales Team C,2026-09-01,Online,Closed,51,31080.0,32576.47,South,Electronics
SLS-0828,Swati Kulkarni,Sales Team A,2026-09-01,Wholesale,Closed,8,35396.0,42739.9,North,Electronics
SLS-0829,Tarun Kapoor,Sales Team C,2026-09-02,Online,Closed,6,52523.0,64582.25,West,Clothing
SLS-0830,Ramesh Pandey,Sales Team B,2026-09-10,Online,Closed,33,59025.0,58733.87,West,Clothing
SLS-0831,Suresh Iyer,Sales Team B,2026-09-21,Wholesale,Closed,14,39767.0,44323.58,East,Electronics
SLS-0832,Vikram Singh,Sales Team B,2026-09-21,Online,Closed,29,26856.0,33644.53,East,Clothing
SLS-0833,Rajesh Kumar,Sales Team B,2026-09-26,Wholesale,Closed,34,36894.0,43692.62,South,Furniture
SLS-0834,Vikram Singh,Sales Team C,2026-09-12,Retail,Lost,31,37376.0,0.0,West,Clothing
SLS-0835,Kiran Das,Sales Team B,2026-09-13,Wholesale,Closed,25,53605.0,56797.35,South,Electronics
SLS-0836,Ravi Menon,Sales Team C,2026-09-07,Online,Closed,60,57795.0,67257.8,East,Furniture
SLS-0837,Lakshmi Bhat,Sales Team B,2026-09-12,Online,Closed,30,19262.0,20958.85,West,Furniture
SLS-0838,Alok Kumar,Sales Team C,2026-09-14,Retail,Closed,26,46155.0,57969.29,West,Clothing
SLS-0839,Meera Pillai,Sales Team A,2026-09-15,Retail,Closed,29,47184.0,55054.17,East,Clothing
SLS-0840,Swati Kulkarni,Sales Team C,2026-09-25,Retail,Closed,41,22963.0,22050.76,East,Furniture
SLS-0841,Kavita Nair,Sales Team C,2026-09-05,Wholesale,Closed,53,50129.0,55755.24,North,Clothing
SLS-0842,Sneha Reddy,Sales Team A,2026-09-03,Retail,Closed,60,13457.0,13895.74,North,Furniture
SLS-0843,Sunita Sharma,Sales Team B,2026-09-07,Online,Closed,18,30156.0,37281.0,East,Clothing
SLS-0844,Sunita Sharma,Sales Team B,2026-09-19,Wholesale,Closed,50,21483.0,21824.5,North,Clothing
SLS-0845,Anita Desai,Sales Team A,2026-09-06,Wholesale,Closed,44,36848.0,35496.13,West,Clothing
SLS-0846,Suresh Iyer,Sales Team C,2026-09-28,Retail,Lost,47,19610.0,0.0,West,Electronics
SLS-0847,Tarun Kapoor,Sales Team A,2026-09-05,Wholesale,Closed,35,21171.0,25550.33,East,Furniture
SLS-0848,Rahul Mishra,Sales Team C,2026-09-06,Wholesale,Pipeline,36,54024.0,0.0,East,Furniture
SLS-0849,Amit Patel,Sales Team B,2026-09-03,Retail,Closed,24,54392.0,57516.62,South,Electronics
SLS-0850,Sunita Sharma,Sales Team C,2026-09-07,Online,Closed,50,15444.0,16090.87,West,Electronics
SLS-0851,Divya Saxena,Sales Team C,2026-09-14,Retail,Closed,21,22584.0,24963.66,North,Furniture
SLS-0852,Manoj Tiwari,Sales Team A,2026-09-02,Online,Closed,24,27243.0,29410.79,West,Furniture
SLS-0853,Priya Sharma,Sales Team B,2026-09-24,Online,Closed,10,31818.0,35652.38,South,Clothing
SLS-0854,Rajesh Kumar,Sales Team C,2026-09-19,Retail,Closed,17,40809.0,42931.34,North,Clothing
SLS-0855,Swati Kulkarni,Sales Team B,2026-09-23,Wholesale,Closed,56,43592.0,54117.32,West,Furniture
SLS-0856,Ashok Mehta,Sales Team B,2026-09-05,Wholesale,Closed,40,22642.0,24805.04,East,Electronics
SLS-0857,Sunita Sharma,Sales Team B,2026-09-30,Online,Closed,47,30880.0,38432.99,North,Electronics
SLS-0858,Anjali Singh,Sales Team A,2026-09-26,Retail,Closed,16,34470.0,31918.66,South,Electronics
SLS-0859,Bhavna Patel,Sales Team A,2026-09-01,Online,Closed,56,32356.0,40382.35,North,Electronics
SLS-0860,Rahul Mishra,Sales Team C,2026-09-28,Wholesale,Closed,26,53577.0,50487.38,North,Electronics
SLS-0861,Ashok Mehta,Sales Team A,2026-09-07,Online,Lost,16,16009.0,0.0,North,Electronics
SLS-0862,Meera Pillai,Sales Team C,2026-09-08,Retail,Closed,10,35355.0,36350.67,South,Furniture
SLS-0863,Siddharth Rao,Sales Team A,2026-09-23,Wholesale,Closed,16,40750.0,41370.43,North,Furniture
SLS-0864,Anita Desai,Sales Team C,2026-09-01,Retail,Closed,17,27253.0,26096.3,South,Clothing
SLS-0865,Sneha Reddy,Sales Team C,2026-09-25,Retail,Closed,59,31063.0,37353.71,South,Electronics
SLS-0866,Arjun Rao,Sales Team C,2026-09-27,Online,Closed,31,43204.0,49954.11,South,Furniture
SLS-0867,Suresh Iyer,Sales Team B,2026-09-24,Retail,Closed,46,54795.0,54831.56,South,Electronics
SLS-0868,Priya Sharma,Sales Team A,2026-09-16,Wholesale,Lost,8,50622.0,0.0,West,Electronics
SLS-0869,Swati Kulkarni,Sales Team C,2026-09-15,Retail,Lost,48,15782.0,0.0,East,Clothing
SLS-0870,Tarun Kapoor,Sales Team B,2026-09-23,Online,Closed,9,47303.0,47538.33,East,Furniture
SLS-0871,Pooja Gupta,Sales Team C,2026-09-26,Wholesale,Closed,24,42052.0,43119.69,South,Electronics
SLS-0872,Rahul Mishra,Sales Team A,2026-09-02,Online,Closed,34,40254.0,41451.44,West,Furniture
SLS-0873,Bhavna Patel,Sales Team B,2026-09-15,Retail,Closed,53,35268.0,37660.54,North,Electronics
SLS-0874,Anjali Singh,Sales Team B,2026-09-13,Online,Closed,28,10914.0,11718.93,South,Electronics
SLS-0875,Rahul Mishra,Sales Team A,2026-09-07,Retail,Closed,35,19823.0,19988.64,South,Electronics
SLS-0876,Neha Agarwal,Sales Team B,2026-09-06,Wholesale,Pipeline,59,46000.0,0.0,East,Electronics
SLS-0877,Ravi Menon,Sales Team B,2026-09-20,Online,Closed,32,20474.0,22417.74,North,Furniture
SLS-0878,Sneha Reddy,Sales Team A,2026-09-11,Online,Closed,23,19271.0,19156.55,West,Electronics
SLS-0879,Meera Pillai,Sales Team B,2026-09-01,Wholesale,Closed,26,51317.0,52561.17,West,Clothing
SLS-0880,Sneha Reddy,Sales Team C,2026-09-05,Online,Closed,51,34468.0,42149.18,South,Furniture
SLS-0881,Rahul Mishra,Sales Team B,2026-09-03,Retail,Closed,31,26129.0,25705.25,East,Clothing
SLS-0882,Kavita Nair,Sales Team B,2026-09-21,Wholesale,Pipeline,40,32331.0,0.0,East,Clothing
SLS-0883,Ravi Menon,Sales Team A,2026-09-11,Online,Closed,19,56406.0,64141.18,South,Electronics
SLS-0884,Neha Agarwal,Sales Team C,2026-09-16,Retail,Closed,11,35175.0,42212.71,East,Electronics
SLS-0885,Sanjay Verma,Sales Team B,2026-09-15,Online,Lost,51,27433.0,0.0,North,Furniture
SLS-0886,Arjun Rao,Sales Team A,2026-09-26,Wholesale,Closed,28,13868.0,15109.17,South,Clothing
SLS-0887,Rajesh Kumar,Sales Team B,2026-09-12,Online,Closed,14,27875.0,35754.34,West,Furniture
SLS-0888,Divya Saxena,Sales Team C,2026-09-07,Online,Closed,43,49654.0,47079.19,North,Clothing
SLS-0889,Alok Kumar,Sales Team A,2026-09-17,Online,Closed,55,34642.0,37039.11,North,Furniture
SLS-0890,Suresh Iyer,Sales Team A,2026-09-05,Wholesale,Closed,46,52204.0,62903.18,North,Furniture
SLS-0891,Kiran Das,Sales Team A,2026-09-15,Online,Closed,15,48918.0,52716.76,East,Electronics
SLS-0892,Sunita Sharma,Sales Team B,2026-09-15,Wholesale,Closed,43,39709.0,40261.16,South,Furniture
SLS-0893,Rajesh Kumar,Sales Team A,2026-09-02,Wholesale,Closed,28,19289.0,19792.59,West,Clothing
SLS-0894,Rajesh Kumar,Sales Team C,2026-09-14,Online,Closed,16,31404.0,35964.89,North,Clothing
SLS-0895,Deepa Joshi,Sales Team B,2026-09-19,Online,Closed,37,13660.0,16243.25,South,Furniture
SLS-0896,Amit Patel,Sales Team A,2026-09-05,Retail,Closed,15,56783.0,56442.61,East,Furniture
SLS-0897,Manoj Tiwari,Sales Team A,2026-09-14,Wholesale,Closed,36,36251.0,40530.23,West,Clothing
SLS-0898,Anjali Singh,Sales Team B,2026-09-23,Retail,Closed,10,23582.0,25454.39,North,Furniture
SLS-0899,Kavita Nair,Sales Team A,2026-09-02,Online,Closed,6,13439.0,15551.09,South,Furniture
SLS-0900,Priya Sharma,Sales Team A,2026-09-08,Retail,Lost,60,19022.0,0.0,East,Furniture
SLS-0901,Arjun Rao,Sales Team C,2026-09-22,Wholesale,Closed,53,28981.0,31789.0,West,Clothing
SLS-0902,Amit Patel,Sales Team A,2026-09-07,Online,Closed,19,48190.0,52844.48,East,Clothing
SLS-0903,Amit Patel,Sales Team C,2026-09-29,Wholesale,Closed,58,20759.0,21981.14,South,Clothing
SLS-0904,Rajesh Kumar,Sales Team C,2026-09-24,Online,Closed,40,34530.0,38133.27,South,Electronics
SLS-0905,Tarun Kapoor,Sales Team C,2026-09-09,Wholesale,Closed,21,35731.0,33861.09,East,Furniture
SLS-0906,Rajesh Kumar,Sales Team B,2026-09-20,Online,Closed,54,36587.0,35922.43,North,Electronics
SLS-0907,Arjun Rao,Sales Team A,2026-09-24,Retail,Closed,41,58215.0,69794.5,South,Clothing
SLS-0908,Siddharth Rao,Sales Team B,2026-09-12,Wholesale,Closed,45,25060.0,28236.07,East,Electronics
SLS-0909,Sanjay Verma,Sales Team A,2026-09-10,Retail,Closed,16,31884.0,31327.34,West,Clothing
SLS-0910,Manoj Tiwari,Sales Team B,2026-09-13,Online,Closed,36,41468.0,46623.8,East,Clothing
SLS-0911,Bhavna Patel,Sales Team A,2026-09-03,Online,Closed,5,12044.0,13823.03,North,Furniture
SLS-0912,Sunita Sharma,Sales Team A,2026-09-10,Wholesale,Closed,41,20452.0,19202.24,East,Electronics
SLS-0913,Ramesh Pandey,Sales Team A,2026-09-14,Online,Pipeline,9,28348.0,0.0,West,Clothing
SLS-0914,Rajesh Kumar,Sales Team B,2026-09-25,Retail,Pipeline,24,19295.0,0.0,East,Furniture
SLS-0915,Sunita Sharma,Sales Team A,2026-09-04,Online,Closed,48,11990.0,15012.87,West,Electronics
SLS-0916,Rajesh Kumar,Sales Team A,2026-09-03,Online,Closed,60,47996.0,56537.72,East,Furniture
SLS-0917,Rajesh Kumar,Sales Team C,2026-09-19,Wholesale,Closed,49,20046.0,19769.17,West,Clothing
SLS-0918,Arjun Rao,Sales Team A,2026-09-02,Wholesale,Closed,34,37028.0,35917.5,North,Clothing
SLS-0919,Alok Kumar,Sales Team A,2026-09-22,Retail,Lost,22,56524.0,0.0,East,Clothing
SLS-0920,Neha Agarwal,Sales Team A,2026-09-26,Wholesale,Closed,22,22325.0,22189.43,West,Electronics
SLS-0921,Ramesh Pandey,Sales Team A,2026-09-28,Online,Pipeline,32,46630.0,0.0,West,Electronics
SLS-0922,Ashok Mehta,Sales Team C,2026-09-02,Wholesale,Closed,43,34071.0,36881.96,West,Clothing
SLS-0923,Anita Desai,Sales Team B,2026-09-22,Wholesale,Closed,39,19548.0,20100.91,East,Furniture
SLS-0924,Anita Desai,Sales Team C,2026-09-13,Wholesale,Closed,27,29165.0,27970.79,West,Clothing
SLS-0925,Lakshmi Bhat,Sales Team B,2026-09-12,Wholesale,Closed,21,19020.0,19649.97,East,Clothing
SLS-0926,Kiran Das,Sales Team B,2026-09-25,Online,Pipeline,15,12802.0,0.0,East,Clothing
SLS-0927,Sunita Sharma,Sales Team C,2026-09-05,Online,Closed,45,58810.0,56679.38,South,Electronics
SLS-0928,Siddharth Rao,Sales Team C,2026-09-13,Retail,Pipeline,12,42858.0,0.0,North,Clothing
SLS-0929,Sneha Reddy,Sales Team C,2026-09-01,Wholesale,Lost,47,20793.0,0.0,South,Clothing
SLS-0930,Ashok Mehta,Sales Team B,2026-09-16,Retail,Closed,58,34466.0,38580.56,West,Clothing
SLS-0931,Swati Kulkarni,Sales Team B,2026-09-08,Online,Closed,31,55075.0,66124.49,North,Electronics
SLS-0932,Ramesh Pandey,Sales Team C,2026-09-15,Retail,Pipeline,53,22342.0,0.0,North,Clothing
SLS-0933,Anjali Singh,Sales Team A,2026-09-16,Retail,Lost,49,30090.0,0.0,South,Furniture
SLS-0934,Deepa Joshi,Sales Team A,2026-09-18,Online,Closed,57,22517.0,20477.01,North,Furniture
SLS-0935,Sneha Reddy,Sales Team A,2026-09-06,Online,Closed,21,39661.0,50782.15,West,Furniture
SLS-0936,Swati Kulkarni,Sales Team B,2026-09-01,Online,Closed,26,35411.0,37180.36,East,Furniture
SLS-0937,Divya Saxena,Sales Team C,2026-09-30,Wholesale,Closed,42,12744.0,14931.47,North,Furniture
SLS-0938,Manoj Tiwari,Sales Team B,2026-09-01,Wholesale,Closed,60,35149.0,42219.83,North,Furniture
SLS-0939,Ashok Mehta,Sales Team C,2026-09-20,Wholesale,Lost,48,42132.0,0.0,North,Furniture
SLS-0940,Priya Sharma,Sales Team B,2026-09-25,Retail,Closed,39,16032.0,14960.84,North,Furniture
SLS-0941,Arjun Rao,Sales Team C,2026-09-11,Retail,Closed,35,12250.0,12607.08,West,Electronics
SLS-0942,Divya Saxena,Sales Team B,2026-09-04,Retail,Closed,42,54252.0,65771.54,West,Electronics
SLS-0943,Sanjay Verma,Sales Team A,2026-09-15,Wholesale,Closed,29,45105.0,52388.6,North,Furniture
SLS-0944,Rahul Mishra,Sales Team A,2026-09-23,Online,Closed,33,29227.0,36283.04,North,Furniture
SLS-0945,Divya Saxena,Sales Team B,2026-09-14,Retail,Closed,58,15034.0,14728.05,West,Electronics
SLS-0946,Rajesh Kumar,Sales Team B,2026-09-25,Online,Pipeline,16,34688.0,0.0,North,Furniture
SLS-0947,Anita Desai,Sales Team A,2026-09-11,Online,Closed,36,24990.0,29626.42,North,Electronics
SLS-0948,Anita Desai,Sales Team A,2026-09-05,Online,Lost,43,46881.0,0.0,North,Furniture
SLS-0949,Neha Agarwal,Sales Team B,2026-09-26,Online,Closed,50,44417.0,55924.37,East,Clothing
SLS-0950,Lakshmi Bhat,Sales Team A,2026-09-14,Wholesale,Closed,32,46522.0,54934.07,North,Electronics
SLS-0951,Amit Patel,Sales Team B,2026-09-29,Online,Closed,30,43234.0,54808.16,South,Electronics
SLS-0952,Rajesh Kumar,Sales Team A,2026-09-03,Online,Closed,17,39235.0,45667.37,East,Clothing
SLS-0953,Suresh Iyer,Sales Team B,2026-09-03,Online,Closed,31,17592.0,19771.06,South,Electronics
SLS-0954,Vikram Singh,Sales Team B,2026-09-05,Online,Closed,5,34370.0,31757.8,North,Electronics
SLS-0955,Sanjay Verma,Sales Team C,2026-09-09,Online,Closed,24,18982.0,19509.92,South,Furniture
SLS-0956,Anjali Singh,Sales Team A,2026-09-07,Online,Closed,35,24032.0,22580.92,West,Clothing
SLS-0957,Ramesh Pandey,Sales Team C,2026-09-18,Retail,Closed,13,43414.0,41597.6,North,Furniture
SLS-0958,Sanjay Verma,Sales Team A,2026-09-19,Retail,Closed,53,37099.0,45850.96,East,Electronics
SLS-0959,Siddharth Rao,Sales Team B,2026-09-14,Retail,Closed,7,31003.0,37583.47,North,Electronics
SLS-0960,Swati Kulkarni,Sales Team C,2026-09-30,Wholesale,Closed,43,24727.0,29658.64,South,Furniture
SLS-0961,Divya Saxena,Sales Team C,2026-09-29,Wholesale,Closed,53,51637.0,49721.99,East,Furniture
SLS-0962,Tarun Kapoor,Sales Team A,2026-09-14,Online,Closed,9,46810.0,43717.59,South,Clothing
SLS-0963,Priya Sharma,Sales Team B,2026-09-09,Wholesale,Closed,46,32379.0,33071.87,East,Furniture
SLS-0964,Bhavna Patel,Sales Team B,2026-09-17,Wholesale,Closed,60,55118.0,62604.37,South,Furniture
SLS-0965,Manoj Tiwari,Sales Team A,2026-09-23,Wholesale,Lost,39,43881.0,0.0,North,Furniture
SLS-0966,Ramesh Pandey,Sales Team B,2026-09-30,Wholesale,Pipeline,43,43653.0,0.0,South,Furniture
SLS-0967,Sunita Sharma,Sales Team B,2026-09-30,Retail,Closed,27,30076.0,29376.39,East,Clothing
SLS-0968,Swati Kulkarni,Sales Team B,2026-09-09,Wholesale,Closed,47,53195.0,51883.27,South,Clothing
SLS-0969,Deepa Joshi,Sales Team A,2026-09-22,Online,Closed,39,46235.0,47550.71,West,Clothing
SLS-0970,Sanjay Verma,Sales Team A,2026-09-04,Online,Closed,23,51850.0,51788.34,East,Electronics
SLS-0971,Alok Kumar,Sales Team C,2026-09-26,Wholesale,Closed,30,41741.0,49538.91,West,Clothing
SLS-0972,Manoj Tiwari,Sales Team A,2026-09-09,Online,Closed,12,34678.0,42489.07,West,Electronics
SLS-0973,Amit Patel,Sales Team A,2026-09-26,Wholesale,Lost,34,46087.0,0.0,East,Clothing
SLS-0974,Rahul Mishra,Sales Team B,2026-09-07,Wholesale,Closed,32,51163.0,66137.32,North,Furniture
SLS-0975,Meera Pillai,Sales Team B,2026-09-11,Retail,Closed,12,33680.0,40552.4,North,Electronics
SLS-0976,Bhavna Patel,Sales Team A,2026-09-09,Retail,Closed,22,18350.0,22268.61,West,Electronics
SLS-0977,Priya Sharma,Sales Team C,2026-09-19,Retail,Closed,26,50918.0,60481.87,East,Furniture
SLS-0978,Kavita Nair,Sales Team A,2026-09-08,Online,Closed,53,27480.0,34930.94,East,Electronics
SLS-0979,Vikram Singh,Sales Team A,2026-09-18,Online,Closed,19,21261.0,25986.98,West,Electronics
SLS-0980,Lakshmi Bhat,Sales Team C,2026-09-01,Retail,Closed,52,50247.0,64892.44,East,Furniture
SLS-0981,Sneha Reddy,Sales Team A,2026-09-08,Wholesale,Closed,34,49951.0,48265.5,South,Electronics
SLS-0982,Suresh Iyer,Sales Team A,2026-09-01,Retail,Closed,32,47987.0,59713.01,West,Furniture
SLS-0983,Ravi Menon,Sales Team A,2026-09-04,Retail,Closed,33,39001.0,37446.97,West,Clothing
SLS-0984,Tarun Kapoor,Sales Team B,2026-09-01,Online,Closed,18,54126.0,59355.0,East,Furniture
SLS-0985,Rajesh Kumar,Sales Team B,2026-09-17,Online,Closed,33,49751.0,48864.83,South,Clothing
SLS-0986,Amit Patel,Sales Team C,2026-09-27,Online,Closed,15,36476.0,35850.52,East,Furniture
SLS-0987,Arjun Rao,Sales Team B,2026-09-08,Online,Closed,19,34867.0,39754.46,West,Electronics
SLS-0988,Swati Kulkarni,Sales Team C,2026-09-08,Online,Closed,33,56731.0,69214.1,West,Clothing
SLS-0989,Pooja Gupta,Sales Team B,2026-09-13,Retail,Closed,51,39184.0,49515.85,North,Furniture
SLS-0990,Suresh Iyer,Sales Team B,2026-09-08,Wholesale,Closed,21,41360.0,39839.58,South,Clothing
SLS-0991,Ramesh Pandey,Sales Team C,2026-09-20,Online,Pipeline,59,12378.0,0.0,West,Furniture
SLS-0992,Priya Sharma,Sales Team A,2026-09-03,Online,Lost,10,50334.0,0.0,North,Furniture
SLS-0993,Amit Patel,Sales Team C,2026-09-30,Wholesale,Closed,23,19282.0,23975.24,East,Electronics
SLS-0994,Kavita Nair,Sales Team B,2026-09-10,Retail,Closed,19,16047.0,18428.02,South,Furniture
SLS-0995,Lakshmi Bhat,Sales Team B,2026-09-14,Retail,Closed,56,22804.0,26020.59,North,Electronics
SLS-0996,Tarun Kapoor,Sales Team A,2026-09-09,Retail,Closed,54,40312.0,45204.89,East,Clothing
SLS-0997,Anita Desai,Sales Team A,2026-09-18,Retail,Closed,5,31330.0,38916.96,East,Clothing
SLS-0998,Siddharth Rao,Sales Team A,2026-09-17,Online,Pipeline,30,18844.0,0.0,South,Electronics
SLS-0999,Neha Agarwal,Sales Team A,2026-09-28,Retail,Closed,43,34064.0,38476.85,East,Furniture
SLS-1000,Kavita Nair,Sales Team B,2026-09-06,Online,Closed,20,20622.0,23840.15,North,Electronics
SLS-1001,Invalid Date Emp,Sales Team A,invalid-date,Retail,Closed,10,15000.0,16000.0,North,Electronics
SLS-1002,Bad Target Emp,Sales Team B,2026-09-20,Wholesale,Closed,20,abc,20000.0,South,Furniture
