record_id,employee,team,date,department,status,tickets_count,target,actual_value,priority,resolution_time_hrs
SUP-0001,Arjun Rao,Support Team 1,2026-09-01,Customer Service,Resolved,22,20.0,22.0,Critical,1.7
SUP-0002,Alok Kumar,Support Team 3,2026-09-15,Billing Support,Escalated,4,16.0,4.0,Critical,0.0
SUP-0003,Tarun Kapoor,Support Team 2,2026-09-17,Customer Service,Resolved,18,20.0,18.0,Low,0.6
SUP-0004,Divya Saxena,Support Team 2,2026-09-27,Customer Service,Resolved,18,18.0,18.0,Low,1.4
SUP-0005,Manoj Tiwari,Support Team 2,2026-09-07,Technical Support,Resolved,28,25.0,28.0,Medium,1.8
SUP-0006,Ramesh Pandey,Support Team 2,2026-09-13,Technical Support,Resolved,14,12.0,14.0,Critical,1.3
SUP-0007,Kiran Das,Support Team 3,2026-09-15,Customer Service,Pending,6,19.0,6.0,Low,0.0
SUP-0008,Kavita Nair,Support Team 1,2026-09-29,Billing Support,Escalated,2,14.0,2.0,High,0.0
SUP-0009,Kiran Das,Support Team 2,2026-09-29,Billing Support,Pending,3,7.0,3.0,High,0.0
SUP-0010,Siddharth Rao,Support Team 3,2026-09-18,Customer Service,Resolved,17,20.0,17.0,High,1.5
SUP-0011,Sunita Sharma,Support Team 3,2026-09-06,Technical Support,Escalated,2,9.0,2.0,High,0.0
SUP-0012,Priya Sharma,Support Team 1,2026-09-17,Technical Support,Resolved,13,16.0,13.0,Critical,1.7
SUP-0013,Pooja Gupta,Support Team 3,2026-09-11,Customer Service,Resolved,22,21.0,22.0,Critical,3.2
SUP-0014,Meera Pillai,Support Team 3,2026-09-02,Billing Support,Resolved,24,23.0,24.0,Medium,3.5
SUP-0015,Sunita Sharma,Support Team 2,2026-09-11,Billing Support,Resolved,23,25.0,23.0,Medium,0.9
SUP-0016,Amit Patel,Support Team 3,2026-09-13,Customer Service,Resolved,5,6.0,5.0,Medium,0.5
SUP-0017,Ravi Menon,Support Team 2,2026-09-19,Technical Support,Resolved,9,9.0,9.0,Medium,2.2
SUP-0018,Rajesh Kumar,Support Team 1,2026-09-06,Technical Support,Resolved,23,20.0,23.0,Medium,1.2
SUP-0019,Sunita Sharma,Support Team 3,2026-09-16,Technical Support,Resolved,22,19.0,22.0,High,1.5
SUP-0020,Bhavna Patel,Support Team 2,2026-09-09,Billing Support,Resolved,16,15.0,16.0,Medium,1.5
SUP-0021,Swati Kulkarni,Support Team 3,2026-09-27,Billing Support,Resolved,15,13.0,15.0,Medium,2.8
SUP-0022,Kavita Nair,Support Team 1,2026-09-14,Customer Service,Resolved,20,21.0,20.0,Critical,3.4
SUP-0023,Priya Sharma,Support Team 3,2026-09-10,Customer Service,Resolved,9,9.0,9.0,Medium,3.0
SUP-0024,Alok Kumar,Support Team 1,2026-09-15,Technical Support,Escalated,4,22.0,4.0,Critical,0.0
SUP-0025,Geeta Yadav,Support Team 2,2026-09-14,Billing Support,Resolved,6,7.0,6.0,Low,2.4
SUP-0026,Tarun Kapoor,Support Team 2,2026-09-30,Technical Support,Resolved,16,18.0,16.0,Low,1.9
SUP-0027,Manoj Tiwari,Support Team 2,2026-09-04,Customer Service,Resolved,24,20.0,24.0,Medium,1.7
SUP-0028,Arjun Rao,Support Team 2,2026-09-28,Technical Support,Resolved,28,24.0,28.0,High,1.5
SUP-0029,Rahul Mishra,Support Team 2,2026-09-28,Technical Support,Resolved,8,7.0,8.0,Critical,0.5
SUP-0030,Neha Agarwal,Support Team 1,2026-09-30,Billing Support,Resolved,5,6.0,5.0,Medium,1.0
SUP-0031,Deepa Joshi,Support Team 2,2026-09-22,Billing Support,Escalated,3,16.0,3.0,Low,0.0
SUP-0032,Priya Sharma,Support Team 1,2026-09-29,Customer Service,Resolved,7,6.0,7.0,Low,0.7
SUP-0033,Divya Saxena,Support Team 1,2026-09-27,Technical Support,Pending,9,17.0,9.0,Critical,0.0
SUP-0034,Sneha Reddy,Support Team 2,2026-09-19,Customer Service,Resolved,18,21.0,18.0,Medium,2.3
SUP-0035,Amit Patel,Support Team 2,2026-09-20,Customer Service,Resolved,18,21.0,18.0,High,2.3
SUP-0036,Priya Sharma,Support Team 2,2026-09-28,Customer Service,Resolved,23,20.0,23.0,High,1.6
SUP-0037,Deepa Joshi,Support Team 3,2026-09-23,Customer Service,Resolved,14,12.0,14.0,High,3.0
SUP-0038,Ravi Menon,Support Team 1,2026-09-15,Technical Support,Resolved,5,6.0,5.0,Low,2.3
SUP-0039,Vikram Singh,Support Team 1,2026-09-15,Technical Support,Resolved,6,7.0,6.0,High,1.5
SUP-0040,Rahul Mishra,Support Team 1,2026-09-23,Customer Service,Resolved,9,8.0,9.0,High,2.5
SUP-0041,Sunita Sharma,Support Team 3,2026-09-07,Customer Service,Resolved,14,16.0,14.0,Low,1.1
SUP-0042,Priya Sharma,Support Team 1,2026-09-27,Customer Service,Resolved,20,20.0,20.0,High,3.4
SUP-0043,Kiran Das,Support Team 1,2026-09-27,Customer Service,Resolved,20,18.0,20.0,Medium,3.4
SUP-0044,Rajesh Kumar,Support Team 1,2026-09-09,Customer Service,Resolved,13,15.0,13.0,Medium,3.2
SUP-0045,Sanjay Verma,Support Team 3,2026-09-16,Customer Service,Escalated,1,10.0,1.0,Low,0.0
SUP-0046,Ramesh Pandey,Support Team 2,2026-09-23,Customer Service,Pending,6,16.0,6.0,Low,0.0
SUP-0047,Neha Agarwal,Support Team 3,2026-09-07,Technical Support,Resolved,20,21.0,20.0,Medium,1.7
SUP-0048,Meera Pillai,Support Team 3,2026-09-26,Technical Support,Resolved,24,23.0,24.0,Critical,2.1
SUP-0049,Priya Sharma,Support Team 2,2026-09-11,Technical Support,Resolved,30,25.0,30.0,Critical,0.7
SUP-0050,Sunita Sharma,Support Team 2,2026-09-30,Billing Support,Resolved,17,15.0,17.0,High,1.2
SUP-0051,Deepa Joshi,Support Team 3,2026-09-28,Technical Support,Pending,8,23.0,8.0,High,0.0
SUP-0052,Rajesh Kumar,Support Team 3,2026-09-08,Technical Support,Resolved,17,19.0,17.0,Low,0.5
SUP-0053,Amit Patel,Support Team 2,2026-09-18,Billing Support,Escalated,1,5.0,1.0,High,0.0
SUP-0054,Tarun Kapoor,Support Team 3,2026-09-22,Technical Support,Resolved,21,23.0,21.0,High,2.5
SUP-0055,Tarun Kapoor,Support Team 1,2026-09-28,Technical Support,Escalated,3,17.0,3.0,High,0.0
SUP-0056,Anita Desai,Support Team 3,2026-09-21,Technical Support,Resolved,15,18.0,15.0,Critical,2.4
SUP-0057,Rajesh Kumar,Support Team 1,2026-09-05,Billing Support,Resolved,11,10.0,11.0,Critical,2.5
SUP-0058,Anita Desai,Support Team 2,2026-09-07,Billing Support,Resolved,9,8.0,9.0,Low,1.4
SUP-0059,Amit Patel,Support Team 1,2026-09-28,Technical Support,Pending,2,5.0,2.0,Low,0.0
SUP-0060,Tarun Kapoor,Support Team 2,2026-09-06,Technical Support,Resolved,13,15.0,13.0,Critical,2.8
SUP-0061,Sanjay Verma,Support Team 1,2026-09-16,Billing Support,Resolved,6,7.0,6.0,Medium,0.8
SUP-0062,Arjun Rao,Support Team 1,2026-09-18,Customer Service,Resolved,28,24.0,28.0,Low,2.9
SUP-0063,Amit Patel,Support Team 1,2026-09-05,Customer Service,Resolved,20,22.0,20.0,High,3.5
SUP-0064,Rajesh Kumar,Support Team 2,2026-09-28,Customer Service,Pending,5,18.0,5.0,Critical,0.0
SUP-0065,Ravi Menon,Support Team 1,2026-09-07,Billing Support,Resolved,26,23.0,26.0,Medium,0.7
SUP-0066,Siddharth Rao,Support Team 3,2026-09-30,Customer Service,Resolved,19,19.0,19.0,Medium,2.4
SUP-0067,Alok Kumar,Support Team 1,2026-09-02,Customer Service,Resolved,22,23.0,22.0,High,3.5
SUP-0068,Ramesh Pandey,Support Team 2,2026-09-14,Billing Support,Pending,8,15.0,8.0,Low,0.0
SUP-0069,Vikram Singh,Support Team 1,2026-09-20,Billing Support,Resolved,8,8.0,8.0,High,1.9
SUP-0070,Sneha Reddy,Support Team 3,2026-09-26,Technical Support,Pending,9,25.0,9.0,High,0.0
SUP-0071,Lakshmi Bhat,Support Team 2,2026-09-10,Technical Support,Pending,3,6.0,3.0,Medium,0.0
SUP-0072,Ashok Mehta,Support Team 2,2026-09-27,Customer Service,Escalated,2,13.0,2.0,Critical,0.0
SUP-0073,Amit Patel,Support Team 3,2026-09-12,Technical Support,Resolved,14,14.0,14.0,High,0.6
SUP-0074,Manoj Tiwari,Support Team 1,2026-09-23,Technical Support,Pending,10,21.0,10.0,Low,0.0
SUP-0075,Pooja Gupta,Support Team 1,2026-09-04,Customer Service,Resolved,18,15.0,18.0,Medium,1.0
SUP-0076,Rahul Mishra,Support Team 1,2026-09-08,Technical Support,Resolved,25,22.0,25.0,Low,3.2
SUP-0077,Anjali Singh,Support Team 3,2026-09-18,Billing Support,Pending,8,22.0,8.0,High,0.0
SUP-0078,Sneha Reddy,Support Team 2,2026-09-25,Technical Support,Resolved,15,18.0,15.0,Low,1.5
SUP-0079,Vikram Singh,Support Team 1,2026-09-04,Billing Support,Resolved,17,20.0,17.0,Critical,2.9
SUP-0080,Lakshmi Bhat,Support Team 1,2026-09-09,Technical Support,Resolved,26,22.0,26.0,High,1.2
SUP-0081,Anita Desai,Support Team 1,2026-09-21,Billing Support,Resolved,8,8.0,8.0,Medium,0.6
SUP-0082,Geeta Yadav,Support Team 3,2026-09-05,Technical Support,Resolved,19,21.0,19.0,High,1.7
SUP-0083,Rahul Mishra,Support Team 3,2026-09-25,Technical Support,Resolved,10,12.0,10.0,Critical,1.1
SUP-0084,Ravi Menon,Support Team 3,2026-09-10,Customer Service,Resolved,23,23.0,23.0,High,2.2
SUP-0085,Kavita Nair,Support Team 3,2026-09-28,Technical Support,Resolved,14,13.0,14.0,Low,2.0
SUP-0086,Arjun Rao,Support Team 3,2026-09-07,Billing Support,Resolved,9,9.0,9.0,Low,2.9
SUP-0087,Swati Kulkarni,Support Team 1,2026-09-05,Billing Support,Resolved,13,12.0,13.0,Critical,2.7
SUP-0088,Vikram Singh,Support Team 1,2026-09-09,Technical Support,Resolved,23,25.0,23.0,Low,0.8
SUP-0089,Meera Pillai,Support Team 1,2026-09-11,Technical Support,Resolved,10,9.0,10.0,High,2.9
SUP-0090,Manoj Tiwari,Support Team 2,2026-09-13,Billing Support,Resolved,13,13.0,13.0,Medium,1.1
SUP-0091,Ravi Menon,Support Team 2,2026-09-12,Technical Support,Pending,5,12.0,5.0,High,0.0
SUP-0092,Meera Pillai,Support Team 1,2026-09-09,Technical Support,Resolved,8,10.0,8.0,Low,3.2
SUP-0093,Geeta Yadav,Support Team 2,2026-09-17,Customer Service,Resolved,9,8.0,9.0,High,0.9
SUP-0094,Anita Desai,Support Team 2,2026-09-25,Technical Support,Resolved,18,21.0,18.0,High,1.9
SUP-0095,Ramesh Pandey,Support Team 1,2026-09-15,Technical Support,Resolved,15,13.0,15.0,High,3.4
SUP-0096,Anita Desai,Support Team 2,2026-09-08,Customer Service,Escalated,1,5.0,1.0,Critical,0.0
SUP-0097,Arjun Rao,Support Team 1,2026-09-18,Billing Support,Resolved,8,9.0,8.0,High,2.7
SUP-0098,Ashok Mehta,Support Team 1,2026-09-09,Billing Support,Resolved,16,14.0,16.0,Low,0.6
SUP-0099,Kavita Nair,Support Team 2,2026-09-09,Technical Support,Resolved,26,22.0,26.0,Medium,2.2
SUP-0100,Ramesh Pandey,Support Team 2,2026-09-17,Technical Support,Resolved,4,5.0,4.0,Critical,2.6
SUP-0101,Rahul Mishra,Support Team 2,2026-09-01,Customer Service,Resolved,9,8.0,9.0,Critical,2.7
SUP-0102,Suresh Iyer,Support Team 3,2026-09-26,Customer Service,Resolved,25,25.0,25.0,High,3.0
SUP-0103,Sneha Reddy,Support Team 2,2026-09-16,Billing Support,Resolved,11,12.0,11.0,High,3.1
SUP-0104,Neha Agarwal,Support Team 1,2026-09-18,Customer Service,Resolved,22,18.0,22.0,Low,0.5
SUP-0105,Sneha Reddy,Support Team 3,2026-09-29,Technical Support,Resolved,5,6.0,5.0,Low,1.7
SUP-0106,Sneha Reddy,Support Team 3,2026-09-18,Customer Service,Resolved,13,12.0,13.0,Low,1.2
SUP-0107,Priya Sharma,Support Team 2,2026-09-01,Billing Support,Resolved,14,13.0,14.0,Medium,3.2
SUP-0108,Amit Patel,Support Team 2,2026-09-30,Technical Support,Resolved,8,7.0,8.0,Medium,2.9
SUP-0109,Priya Sharma,Support Team 2,2026-09-23,Customer Service,Resolved,6,5.0,6.0,Medium,2.0
SUP-0110,Anjali Singh,Support Team 2,2026-09-29,Customer Service,Resolved,22,21.0,22.0,High,3.3
SUP-0111,Rajesh Kumar,Support Team 2,2026-09-23,Customer Service,Escalated,4,19.0,4.0,Medium,0.0
SUP-0112,Rajesh Kumar,Support Team 3,2026-09-04,Billing Support,Resolved,12,13.0,12.0,Medium,3.0
SUP-0113,Geeta Yadav,Support Team 1,2026-09-24,Technical Support,Resolved,10,11.0,10.0,Low,1.4
SUP-0114,Swati Kulkarni,Support Team 2,2026-09-08,Billing Support,Resolved,9,8.0,9.0,High,2.7
SUP-0115,Ramesh Pandey,Support Team 2,2026-09-27,Billing Support,Resolved,8,7.0,8.0,Critical,1.0
SUP-0116,Rajesh Kumar,Support Team 1,2026-09-12,Technical Support,Resolved,16,18.0,16.0,Medium,2.8
SUP-0117,Amit Patel,Support Team 1,2026-09-14,Technical Support,Resolved,9,10.0,9.0,High,2.1
SUP-0118,Alok Kumar,Support Team 2,2026-09-06,Billing Support,Resolved,21,23.0,21.0,Medium,1.8
SUP-0119,Divya Saxena,Support Team 2,2026-09-09,Customer Service,Resolved,13,11.0,13.0,Low,2.9
SUP-0120,Ravi Menon,Support Team 2,2026-09-10,Customer Service,Resolved,23,19.0,23.0,Low,3.1
SUP-0121,Anjali Singh,Support Team 3,2026-09-05,Technical Support,Resolved,27,22.0,27.0,Critical,0.8
SUP-0122,Arjun Rao,Support Team 3,2026-09-19,Billing Support,Resolved,7,9.0,7.0,Medium,1.0
SUP-0123,Anjali Singh,Support Team 1,2026-09-08,Technical Support,Resolved,25,24.0,25.0,Low,0.7
SUP-0124,Manoj Tiwari,Support Team 3,2026-09-18,Technical Support,Resolved,16,15.0,16.0,Low,3.0
SUP-0125,Meera Pillai,Support Team 2,2026-09-28,Technical Support,Resolved,13,12.0,13.0,Medium,0.8
SUP-0126,Divya Saxena,Support Team 2,2026-09-03,Customer Service,Resolved,19,22.0,19.0,Critical,2.8
SUP-0127,Anita Desai,Support Team 3,2026-09-09,Customer Service,Resolved,5,5.0,5.0,Low,2.8
SUP-0128,Bhavna Patel,Support Team 3,2026-09-01,Technical Support,Resolved,27,25.0,27.0,Medium,0.7
SUP-0129,Neha Agarwal,Support Team 1,2026-09-15,Billing Support,Resolved,6,6.0,6.0,Low,2.7
SUP-0130,Geeta Yadav,Support Team 1,2026-09-12,Customer Service,Resolved,9,8.0,9.0,High,2.0
SUP-0131,Tarun Kapoor,Support Team 2,2026-09-09,Technical Support,Resolved,9,9.0,9.0,Critical,2.2
SUP-0132,Deepa Joshi,Support Team 2,2026-09-17,Technical Support,Resolved,14,14.0,14.0,High,2.9
SUP-0133,Arjun Rao,Support Team 2,2026-09-02,Billing Support,Resolved,4,5.0,4.0,High,0.6
SUP-0134,Alok Kumar,Support Team 1,2026-09-13,Customer Service,Resolved,6,7.0,6.0,Medium,2.0
SUP-0135,Arjun Rao,Support Team 2,2026-09-19,Technical Support,Resolved,10,9.0,10.0,High,2.0
SUP-0136,Pooja Gupta,Support Team 3,2026-09-02,Customer Service,Resolved,11,10.0,11.0,Low,1.6
SUP-0137,Lakshmi Bhat,Support Team 3,2026-09-02,Billing Support,Resolved,16,18.0,16.0,Critical,1.7
SUP-0138,Divya Saxena,Support Team 2,2026-09-26,Technical Support,Resolved,30,25.0,30.0,Medium,3.1
SUP-0139,Vikram Singh,Support Team 1,2026-09-02,Customer Service,Pending,4,8.0,4.0,High,0.0
SUP-0140,Siddharth Rao,Support Team 3,2026-09-04,Billing Support,Escalated,0,5.0,0.0,High,0.0
SUP-0141,Bhavna Patel,Support Team 3,2026-09-06,Billing Support,Escalated,5,20.0,5.0,Medium,0.0
SUP-0142,Sanjay Verma,Support Team 1,2026-09-13,Billing Support,Resolved,23,21.0,23.0,Medium,1.7
SUP-0143,Vikram Singh,Support Team 3,2026-09-03,Technical Support,Resolved,26,24.0,26.0,High,2.7
SUP-0144,Meera Pillai,Support Team 2,2026-09-06,Technical Support,Resolved,20,18.0,20.0,Critical,0.9
SUP-0145,Ravi Menon,Support Team 1,2026-09-10,Customer Service,Resolved,7,6.0,7.0,Critical,1.4
SUP-0146,Anita Desai,Support Team 2,2026-09-25,Customer Service,Resolved,5,6.0,5.0,High,2.9
SUP-0147,Manoj Tiwari,Support Team 3,2026-09-22,Technical Support,Resolved,5,5.0,5.0,High,1.9
SUP-0148,Meera Pillai,Support Team 2,2026-09-28,Customer Service,Resolved,22,21.0,22.0,Medium,3.3
SUP-0149,Geeta Yadav,Support Team 1,2026-09-12,Technical Support,Resolved,22,21.0,22.0,High,3.0
SUP-0150,Manoj Tiwari,Support Team 3,2026-09-05,Customer Service,Resolved,6,6.0,6.0,High,1.5
SUP-0151,Swati Kulkarni,Support Team 3,2026-09-02,Customer Service,Resolved,10,11.0,10.0,High,2.8
SUP-0152,Ravi Menon,Support Team 3,2026-09-09,Billing Support,Resolved,8,8.0,8.0,Medium,1.2
SUP-0153,Anjali Singh,Support Team 1,2026-09-03,Technical Support,Resolved,20,19.0,20.0,Low,2.7
SUP-0154,Lakshmi Bhat,Support Team 1,2026-09-20,Technical Support,Resolved,7,7.0,7.0,Medium,1.1
SUP-0155,Vikram Singh,Support Team 2,2026-09-21,Customer Service,Escalated,1,6.0,1.0,Low,0.0
SUP-0156,Geeta Yadav,Support Team 1,2026-09-03,Billing Support,Resolved,23,20.0,23.0,Critical,1.5
SUP-0157,Sneha Reddy,Support Team 2,2026-09-17,Customer Service,Resolved,25,21.0,25.0,Medium,0.5
SUP-0158,Ravi Menon,Support Team 1,2026-09-26,Technical Support,Resolved,17,15.0,17.0,Medium,0.8
SUP-0159,Siddharth Rao,Support Team 3,2026-09-17,Technical Support,Resolved,16,17.0,16.0,Critical,2.4
SUP-0160,Suresh Iyer,Support Team 3,2026-09-10,Billing Support,Resolved,21,18.0,21.0,Medium,3.1
SUP-0161,Arjun Rao,Support Team 2,2026-09-20,Customer Service,Resolved,5,6.0,5.0,Low,2.3
SUP-0162,Bhavna Patel,Support Team 3,2026-09-21,Billing Support,Resolved,21,22.0,21.0,Critical,1.2
SUP-0163,Manoj Tiwari,Support Team 1,2026-09-19,Technical Support,Resolved,16,18.0,16.0,Medium,2.9
SUP-0164,Ravi Menon,Support Team 3,2026-09-20,Billing Support,Resolved,12,12.0,12.0,Critical,1.5
SUP-0165,Amit Patel,Support Team 1,2026-09-09,Technical Support,Resolved,12,14.0,12.0,Low,2.1
SUP-0166,Siddharth Rao,Support Team 2,2026-09-21,Technical Support,Resolved,14,15.0,14.0,Critical,3.3
SUP-0167,Meera Pillai,Support Team 3,2026-09-02,Billing Support,Resolved,9,8.0,9.0,Low,1.8
SUP-0168,Priya Sharma,Support Team 1,2026-09-28,Technical Support,Resolved,10,11.0,10.0,Low,1.7
SUP-0169,Siddharth Rao,Support Team 1,2026-09-13,Technical Support,Resolved,6,7.0,6.0,Low,2.7
SUP-0170,Anita Desai,Support Team 1,2026-09-09,Customer Service,Resolved,18,18.0,18.0,Low,1.1
SUP-0171,Neha Agarwal,Support Team 3,2026-09-28,Customer Service,Resolved,24,22.0,24.0,Medium,0.9
SUP-0172,Sanjay Verma,Support Team 2,2026-09-10,Billing Support,Escalated,1,8.0,1.0,Low,0.0
SUP-0173,Anjali Singh,Support Team 3,2026-09-15,Technical Support,Resolved,12,12.0,12.0,Medium,2.5
SUP-0174,Meera Pillai,Support Team 1,2026-09-07,Technical Support,Resolved,27,24.0,27.0,High,0.7
SUP-0175,Kiran Das,Support Team 3,2026-09-23,Technical Support,Resolved,6,6.0,6.0,Low,3.5
SUP-0176,Anjali Singh,Support Team 2,2026-09-10,Billing Support,Resolved,5,5.0,5.0,High,1.9
SUP-0177,Rahul Mishra,Support Team 1,2026-09-13,Billing Support,Resolved,29,24.0,29.0,Critical,1.8
SUP-0178,Bhavna Patel,Support Team 3,2026-09-10,Billing Support,Resolved,27,24.0,27.0,Critical,2.5
SUP-0179,Amit Patel,Support Team 3,2026-09-10,Technical Support,Resolved,17,16.0,17.0,Medium,2.4
SUP-0180,Vikram Singh,Support Team 2,2026-09-19,Technical Support,Resolved,25,21.0,25.0,Medium,2.2
SUP-0181,Anita Desai,Support Team 1,2026-09-04,Technical Support,Pending,4,12.0,4.0,Medium,0.0
SUP-0182,Tarun Kapoor,Support Team 2,2026-09-13,Billing Support,Resolved,6,6.0,6.0,Critical,2.6
SUP-0183,Vikram Singh,Support Team 2,2026-09-21,Technical Support,Resolved,22,18.0,22.0,Critical,0.6
SUP-0184,Anita Desai,Support Team 3,2026-09-07,Customer Service,Resolved,12,12.0,12.0,High,1.2
SUP-0185,Ramesh Pandey,Support Team 1,2026-09-29,Billing Support,Resolved,25,22.0,25.0,High,3.0
SUP-0186,Siddharth Rao,Support Team 1,2026-09-29,Customer Service,Escalated,2,8.0,2.0,Critical,0.0
SUP-0187,Manoj Tiwari,Support Team 1,2026-09-18,Technical Support,Resolved,17,16.0,17.0,High,0.9
SUP-0188,Amit Patel,Support Team 3,2026-09-13,Billing Support,Resolved,19,18.0,19.0,Medium,3.3
SUP-0189,Rajesh Kumar,Support Team 3,2026-09-16,Customer Service,Resolved,10,9.0,10.0,High,2.9
SUP-0190,Rahul Mishra,Support Team 2,2026-09-30,Technical Support,Resolved,12,11.0,12.0,Medium,1.7
SUP-0191,Kavita Nair,Support Team 3,2026-09-26,Customer Service,Pending,6,13.0,6.0,Low,0.0
SUP-0192,Bhavna Patel,Support Team 1,2026-09-27,Technical Support,Resolved,10,12.0,10.0,Critical,2.5
SUP-0193,Divya Saxena,Support Team 2,2026-09-30,Customer Service,Resolved,5,6.0,5.0,Critical,3.4
SUP-0194,Sanjay Verma,Support Team 1,2026-09-03,Technical Support,Resolved,23,24.0,23.0,Low,3.4
SUP-0195,Priya Sharma,Support Team 1,2026-09-13,Billing Support,Resolved,24,25.0,24.0,Low,1.4
SUP-0196,Bhavna Patel,Support Team 3,2026-09-11,Technical Support,Resolved,11,10.0,11.0,Critical,2.1
SUP-0197,Ramesh Pandey,Support Team 2,2026-09-21,Technical Support,Resolved,15,16.0,15.0,Low,1.3
SUP-0198,Alok Kumar,Support Team 2,2026-09-15,Customer Service,Resolved,15,17.0,15.0,Critical,2.6
SUP-0199,Alok Kumar,Support Team 1,2026-09-24,Customer Service,Resolved,20,18.0,20.0,High,2.3
SUP-0200,Rajesh Kumar,Support Team 3,2026-09-26,Technical Support,Resolved,22,20.0,22.0,Critical,3.0
SUP-0201,Sunita Sharma,Support Team 1,2026-09-06,Billing Support,Resolved,21,24.0,21.0,Low,2.8
SUP-0202,Arjun Rao,Support Team 3,2026-09-22,Billing Support,Resolved,10,11.0,10.0,Low,1.9
SUP-0203,Sunita Sharma,Support Team 1,2026-09-30,Customer Service,Resolved,9,10.0,9.0,Critical,3.2
SUP-0204,Sneha Reddy,Support Team 2,2026-09-18,Technical Support,Resolved,13,11.0,13.0,Medium,3.2
SUP-0205,Swati Kulkarni,Support Team 1,2026-09-03,Billing Support,Resolved,15,17.0,15.0,Medium,2.8
SUP-0206,Siddharth Rao,Support Team 3,2026-09-22,Customer Service,Resolved,21,20.0,21.0,Critical,3.4
SUP-0207,Sneha Reddy,Support Team 1,2026-09-07,Customer Service,Resolved,21,22.0,21.0,Low,1.3
SUP-0208,Geeta Yadav,Support Team 1,2026-09-28,Billing Support,Resolved,10,9.0,10.0,Low,1.4
SUP-0209,Siddharth Rao,Support Team 1,2026-09-14,Customer Service,Resolved,5,6.0,5.0,High,1.1
SUP-0210,Siddharth Rao,Support Team 1,2026-09-13,Customer Service,Resolved,10,9.0,10.0,Critical,2.7
SUP-0211,Swati Kulkarni,Support Team 3,2026-09-06,Technical Support,Resolved,11,10.0,11.0,Medium,3.1
SUP-0212,Sneha Reddy,Support Team 3,2026-09-07,Customer Service,Resolved,16,18.0,16.0,Critical,2.1
SUP-0213,Anjali Singh,Support Team 3,2026-09-22,Billing Support,Resolved,21,18.0,21.0,Medium,1.2
SUP-0214,Alok Kumar,Support Team 1,2026-09-28,Billing Support,Resolved,15,15.0,15.0,Critical,1.5
SUP-0215,Geeta Yadav,Support Team 1,2026-09-16,Billing Support,Resolved,25,25.0,25.0,Low,2.5
SUP-0216,Kiran Das,Support Team 2,2026-09-23,Technical Support,Resolved,18,20.0,18.0,Medium,1.7
SUP-0217,Bhavna Patel,Support Team 1,2026-09-12,Technical Support,Resolved,7,9.0,7.0,Medium,3.0
SUP-0218,Kavita Nair,Support Team 3,2026-09-12,Customer Service,Resolved,8,7.0,8.0,High,2.5
SUP-0219,Rajesh Kumar,Support Team 2,2026-09-18,Customer Service,Escalated,2,13.0,2.0,Medium,0.0
SUP-0220,Geeta Yadav,Support Team 1,2026-09-17,Billing Support,Resolved,8,10.0,8.0,High,2.2
SUP-0221,Rahul Mishra,Support Team 2,2026-09-15,Billing Support,Escalated,4,22.0,4.0,High,0.0
SUP-0222,Kavita Nair,Support Team 2,2026-09-20,Billing Support,Resolved,26,22.0,26.0,Medium,3.4
SUP-0223,Alok Kumar,Support Team 1,2026-09-28,Customer Service,Pending,12,24.0,12.0,Medium,0.0
SUP-0224,Swati Kulkarni,Support Team 3,2026-09-14,Billing Support,Resolved,13,13.0,13.0,Medium,1.4
SUP-0225,Deepa Joshi,Support Team 3,2026-09-11,Billing Support,Resolved,24,22.0,24.0,High,2.4
SUP-0226,Pooja Gupta,Support Team 2,2026-09-21,Billing Support,Resolved,6,6.0,6.0,High,1.8
SUP-0227,Sunita Sharma,Support Team 1,2026-09-08,Billing Support,Resolved,17,17.0,17.0,Medium,2.1
SUP-0228,Rajesh Kumar,Support Team 3,2026-09-15,Customer Service,Resolved,8,7.0,8.0,Critical,0.7
SUP-0229,Neha Agarwal,Support Team 3,2026-09-18,Customer Service,Resolved,10,9.0,10.0,Critical,2.2
SUP-0230,Sanjay Verma,Support Team 2,2026-09-23,Technical Support,Pending,3,9.0,3.0,Medium,0.0
SUP-0231,Neha Agarwal,Support Team 3,2026-09-02,Billing Support,Resolved,17,21.0,17.0,Medium,2.4
SUP-0232,Pooja Gupta,Support Team 1,2026-09-23,Customer Service,Pending,8,16.0,8.0,Critical,0.0
SUP-0233,Arjun Rao,Support Team 3,2026-09-20,Customer Service,Resolved,19,23.0,19.0,Medium,2.5
SUP-0234,Suresh Iyer,Support Team 3,2026-09-06,Billing Support,Resolved,15,16.0,15.0,Critical,1.0
SUP-0235,Kiran Das,Support Team 3,2026-09-13,Technical Support,Resolved,23,24.0,23.0,Medium,2.4
SUP-0236,Swati Kulkarni,Support Team 3,2026-09-24,Billing Support,Pending,9,17.0,9.0,Medium,0.0
SUP-0237,Bhavna Patel,Support Team 1,2026-09-18,Billing Support,Escalated,2,15.0,2.0,High,0.0
SUP-0238,Amit Patel,Support Team 3,2026-09-22,Customer Service,Resolved,17,15.0,17.0,Medium,3.3
SUP-0239,Sunita Sharma,Support Team 2,2026-09-13,Technical Support,Escalated,1,10.0,1.0,Medium,0.0
SUP-0240,Bhavna Patel,Support Team 3,2026-09-08,Customer Service,Resolved,14,16.0,14.0,Low,3.1
SUP-0241,Lakshmi Bhat,Support Team 3,2026-09-13,Customer Service,Resolved,26,25.0,26.0,Critical,1.3
SUP-0242,Bhavna Patel,Support Team 3,2026-09-11,Technical Support,Resolved,23,20.0,23.0,High,1.4
SUP-0243,Kavita Nair,Support Team 1,2026-09-07,Customer Service,Resolved,9,8.0,9.0,Low,3.2
SUP-0244,Sunita Sharma,Support Team 1,2026-09-30,Customer Service,Resolved,8,10.0,8.0,High,2.1
SUP-0245,Rahul Mishra,Support Team 1,2026-09-09,Technical Support,Resolved,14,16.0,14.0,High,1.4
SUP-0246,Deepa Joshi,Support Team 2,2026-09-04,Customer Service,Pending,3,11.0,3.0,Medium,0.0
SUP-0247,Pooja Gupta,Support Team 3,2026-09-29,Technical Support,Pending,10,20.0,10.0,Low,0.0
SUP-0248,Kavita Nair,Support Team 2,2026-09-15,Customer Service,Resolved,22,24.0,22.0,Low,3.0
SUP-0249,Deepa Joshi,Support Team 1,2026-09-02,Customer Service,Resolved,18,17.0,18.0,Low,3.3
SUP-0250,Ashok Mehta,Support Team 3,2026-09-17,Customer Service,Resolved,27,24.0,27.0,Critical,0.9
SUP-0251,Rajesh Kumar,Support Team 2,2026-09-12,Technical Support,Resolved,22,21.0,22.0,High,3.1
SUP-0252,Arjun Rao,Support Team 1,2026-09-29,Technical Support,Escalated,5,22.0,5.0,Critical,0.0
SUP-0253,Meera Pillai,Support Team 1,2026-09-11,Billing Support,Resolved,20,19.0,20.0,Medium,1.3
SUP-0254,Vikram Singh,Support Team 2,2026-09-23,Customer Service,Resolved,13,13.0,13.0,Critical,1.5
SUP-0255,Pooja Gupta,Support Team 2,2026-09-26,Billing Support,Pending,4,14.0,4.0,Medium,0.0
SUP-0256,Deepa Joshi,Support Team 3,2026-09-30,Technical Support,Escalated,5,18.0,5.0,Low,0.0
SUP-0257,Vikram Singh,Support Team 1,2026-09-29,Technical Support,Resolved,13,14.0,13.0,Medium,1.2
SUP-0258,Amit Patel,Support Team 1,2026-09-05,Billing Support,Pending,4,8.0,4.0,High,0.0
SUP-0259,Amit Patel,Support Team 1,2026-09-01,Customer Service,Resolved,6,6.0,6.0,Critical,2.4
SUP-0260,Lakshmi Bhat,Support Team 3,2026-09-06,Billing Support,Resolved,13,14.0,13.0,Critical,2.1
SUP-0261,Arjun Rao,Support Team 3,2026-09-20,Billing Support,Resolved,24,20.0,24.0,Medium,2.6
SUP-0262,Meera Pillai,Support Team 2,2026-09-29,Billing Support,Pending,6,14.0,6.0,Medium,0.0
SUP-0263,Geeta Yadav,Support Team 1,2026-09-05,Customer Service,Pending,5,10.0,5.0,High,0.0
SUP-0264,Ravi Menon,Support Team 1,2026-09-17,Technical Support,Pending,5,10.0,5.0,Low,0.0
SUP-0265,Geeta Yadav,Support Team 1,2026-09-07,Technical Support,Resolved,21,24.0,21.0,Low,3.0
SUP-0266,Ramesh Pandey,Support Team 2,2026-09-20,Technical Support,Resolved,6,5.0,6.0,Critical,2.1
SUP-0267,Suresh Iyer,Support Team 2,2026-09-06,Technical Support,Resolved,18,19.0,18.0,Critical,2.1
SUP-0268,Arjun Rao,Support Team 3,2026-09-23,Technical Support,Resolved,11,10.0,11.0,Critical,3.2
SUP-0269,Kiran Das,Support Team 2,2026-09-09,Billing Support,Escalated,4,22.0,4.0,Critical,0.0
SUP-0270,Vikram Singh,Support Team 2,2026-09-05,Billing Support,Escalated,1,15.0,1.0,Low,0.0
SUP-0271,Sanjay Verma,Support Team 3,2026-09-24,Customer Service,Resolved,20,22.0,20.0,Low,0.8
SUP-0272,Lakshmi Bhat,Support Team 1,2026-09-23,Customer Service,Escalated,4,25.0,4.0,Low,0.0
SUP-0273,Kiran Das,Support Team 3,2026-09-07,Technical Support,Resolved,13,11.0,13.0,Medium,2.5
SUP-0274,Siddharth Rao,Support Team 1,2026-09-11,Technical Support,Resolved,28,23.0,28.0,Medium,3.2
SUP-0275,Geeta Yadav,Support Team 2,2026-09-29,Technical Support,Escalated,4,18.0,4.0,Low,0.0
SUP-0276,Ramesh Pandey,Support Team 2,2026-09-08,Billing Support,Resolved,14,12.0,14.0,High,1.5
SUP-0277,Ashok Mehta,Support Team 1,2026-09-26,Billing Support,Pending,7,22.0,7.0,High,0.0
SUP-0278,Suresh Iyer,Support Team 2,2026-09-04,Customer Service,Resolved,21,19.0,21.0,Medium,3.1
SUP-0279,Anita Desai,Support Team 2,2026-09-10,Technical Support,Escalated,3,23.0,3.0,High,0.0
SUP-0280,Rahul Mishra,Support Team 2,2026-09-20,Billing Support,Resolved,12,10.0,12.0,Critical,2.3
SUP-0281,Rajesh Kumar,Support Team 1,2026-09-19,Technical Support,Resolved,8,10.0,8.0,Critical,1.2
SUP-0282,Tarun Kapoor,Support Team 3,2026-09-30,Customer Service,Resolved,11,11.0,11.0,High,3.2
SUP-0283,Vikram Singh,Support Team 3,2026-09-18,Billing Support,Resolved,7,9.0,7.0,Low,2.5
SUP-0284,Vikram Singh,Support Team 2,2026-09-13,Billing Support,Pending,2,6.0,2.0,Medium,0.0
SUP-0285,Priya Sharma,Support Team 1,2026-09-09,Billing Support,Resolved,20,19.0,20.0,Critical,2.0
SUP-0286,Pooja Gupta,Support Team 3,2026-09-07,Billing Support,Resolved,17,16.0,17.0,Medium,1.6
SUP-0287,Ramesh Pandey,Support Team 3,2026-09-13,Technical Support,Pending,2,6.0,2.0,High,0.0
SUP-0288,Deepa Joshi,Support Team 1,2026-09-30,Customer Service,Resolved,27,23.0,27.0,Low,2.2
SUP-0289,Kiran Das,Support Team 1,2026-09-12,Technical Support,Escalated,6,23.0,6.0,Low,0.0
SUP-0290,Rajesh Kumar,Support Team 1,2026-09-21,Billing Support,Resolved,26,23.0,26.0,Low,2.5
SUP-0291,Deepa Joshi,Support Team 1,2026-09-16,Customer Service,Resolved,19,21.0,19.0,Medium,2.3
SUP-0292,Sunita Sharma,Support Team 1,2026-09-19,Customer Service,Escalated,0,7.0,0.0,Critical,0.0
SUP-0293,Amit Patel,Support Team 3,2026-09-04,Technical Support,Resolved,22,25.0,22.0,Medium,1.0
SUP-0294,Anita Desai,Support Team 1,2026-09-28,Billing Support,Escalated,3,19.0,3.0,Medium,0.0
SUP-0295,Priya Sharma,Support Team 1,2026-09-20,Billing Support,Resolved,7,8.0,7.0,Medium,1.7
SUP-0296,Sunita Sharma,Support Team 1,2026-09-02,Technical Support,Resolved,6,6.0,6.0,Critical,2.7
SUP-0297,Sunita Sharma,Support Team 1,2026-09-07,Billing Support,Resolved,9,11.0,9.0,Critical,2.2
SUP-0298,Arjun Rao,Support Team 2,2026-09-07,Billing Support,Resolved,10,10.0,10.0,High,3.1
SUP-0299,Tarun Kapoor,Support Team 3,2026-09-04,Technical Support,Resolved,12,14.0,12.0,Low,0.8
SUP-0300,Anjali Singh,Support Team 3,2026-09-22,Customer Service,Resolved,10,9.0,10.0,High,3.1
SUP-0301,Vikram Singh,Support Team 1,2026-09-20,Customer Service,Resolved,5,5.0,5.0,High,2.3
SUP-0302,Pooja Gupta,Support Team 3,2026-09-13,Technical Support,Pending,7,25.0,7.0,Medium,0.0
SUP-0303,Ashok Mehta,Support Team 3,2026-09-19,Billing Support,Resolved,24,23.0,24.0,Low,0.6
SUP-0304,Kavita Nair,Support Team 2,2026-09-04,Technical Support,Resolved,22,18.0,22.0,High,2.1
SUP-0305,Arjun Rao,Support Team 2,2026-09-25,Technical Support,Resolved,4,5.0,4.0,Medium,0.7
SUP-0306,Rajesh Kumar,Support Team 1,2026-09-16,Technical Support,Resolved,17,16.0,17.0,Critical,1.9
SUP-0307,Suresh Iyer,Support Team 1,2026-09-06,Billing Support,Resolved,21,19.0,21.0,Critical,3.4
SUP-0308,Meera Pillai,Support Team 3,2026-09-01,Customer Service,Resolved,10,9.0,10.0,Low,2.1
SUP-0309,Manoj Tiwari,Support Team 2,2026-09-09,Technical Support,Pending,12,25.0,12.0,Medium,0.0
SUP-0310,Ashok Mehta,Support Team 3,2026-09-28,Customer Service,Resolved,5,6.0,5.0,Critical,2.3
SUP-0311,Neha Agarwal,Support Team 3,2026-09-30,Billing Support,Resolved,21,18.0,21.0,Low,1.4
SUP-0312,Pooja Gupta,Support Team 2,2026-09-19,Billing Support,Resolved,15,16.0,15.0,Medium,1.8
SUP-0313,Kavita Nair,Support Team 2,2026-09-16,Technical Support,Resolved,13,13.0,13.0,Low,0.5
SUP-0314,Lakshmi Bhat,Support Team 1,2026-09-25,Technical Support,Pending,7,21.0,7.0,Medium,0.0
SUP-0315,Rajesh Kumar,Support Team 3,2026-09-26,Customer Service,Resolved,8,8.0,8.0,Low,1.3
SUP-0316,Neha Agarwal,Support Team 1,2026-09-14,Billing Support,Resolved,5,5.0,5.0,High,2.9
SUP-0317,Kiran Das,Support Team 1,2026-09-05,Billing Support,Resolved,9,8.0,9.0,Critical,2.6
SUP-0318,Amit Patel,Support Team 1,2026-09-17,Technical Support,Resolved,7,8.0,7.0,Medium,1.9
SUP-0319,Manoj Tiwari,Support Team 1,2026-09-02,Customer Service,Resolved,25,21.0,25.0,Medium,2.0
SUP-0320,Anjali Singh,Support Team 2,2026-09-06,Technical Support,Resolved,4,5.0,4.0,High,1.8
SUP-0321,Lakshmi Bhat,Support Team 3,2026-09-22,Customer Service,Resolved,19,18.0,19.0,Medium,2.0
SUP-0322,Sneha Reddy,Support Team 3,2026-09-01,Customer Service,Resolved,12,11.0,12.0,Critical,1.0
SUP-0323,Sunita Sharma,Support Team 2,2026-09-27,Customer Service,Pending,9,18.0,9.0,Low,0.0
SUP-0324,Pooja Gupta,Support Team 3,2026-09-03,Billing Support,Resolved,10,9.0,10.0,Low,1.9
SUP-0325,Priya Sharma,Support Team 2,2026-09-13,Customer Service,Resolved,17,14.0,17.0,Low,2.4
SUP-0326,Tarun Kapoor,Support Team 1,2026-09-26,Technical Support,Resolved,24,23.0,24.0,High,1.9
SUP-0327,Priya Sharma,Support Team 1,2026-09-24,Billing Support,Resolved,12,12.0,12.0,Low,3.3
SUP-0328,Siddharth Rao,Support Team 3,2026-09-19,Billing Support,Pending,12,25.0,12.0,Low,0.0
SUP-0329,Manoj Tiwari,Support Team 1,2026-09-22,Billing Support,Resolved,8,10.0,8.0,Low,2.3
SUP-0330,Anjali Singh,Support Team 3,2026-09-10,Billing Support,Pending,11,20.0,11.0,Critical,0.0
SUP-0331,Anjali Singh,Support Team 3,2026-09-17,Customer Service,Resolved,21,25.0,21.0,Critical,1.9
SUP-0332,Swati Kulkarni,Support Team 1,2026-09-27,Customer Service,Resolved,25,22.0,25.0,Critical,0.8
SUP-0333,Sneha Reddy,Support Team 1,2026-09-07,Customer Service,Resolved,6,6.0,6.0,Medium,2.2
SUP-0334,Kavita Nair,Support Team 1,2026-09-25,Customer Service,Resolved,12,11.0,12.0,High,3.4
SUP-0335,Rahul Mishra,Support Team 3,2026-09-30,Technical Support,Escalated,4,19.0,4.0,Low,0.0
SUP-0336,Ashok Mehta,Support Team 2,2026-09-06,Customer Service,Pending,2,9.0,2.0,Critical,0.0
SUP-0337,Priya Sharma,Support Team 3,2026-09-15,Billing Support,Pending,2,8.0,2.0,Low,0.0
SUP-0338,Siddharth Rao,Support Team 1,2026-09-22,Billing Support,Resolved,29,25.0,29.0,Low,2.4
SUP-0339,Bhavna Patel,Support Team 3,2026-09-26,Technical Support,Resolved,25,24.0,25.0,Critical,2.3
SUP-0340,Alok Kumar,Support Team 1,2026-09-29,Technical Support,Resolved,23,19.0,23.0,High,2.7
SUP-0341,Sunita Sharma,Support Team 3,2026-09-17,Technical Support,Pending,4,7.0,4.0,Critical,0.0
SUP-0342,Alok Kumar,Support Team 2,2026-09-10,Billing Support,Resolved,8,8.0,8.0,High,3.1
SUP-0343,Sanjay Verma,Support Team 3,2026-09-24,Technical Support,Resolved,23,19.0,23.0,Low,1.6
SUP-0344,Lakshmi Bhat,Support Team 1,2026-09-02,Technical Support,Resolved,6,6.0,6.0,Low,1.5
SUP-0345,Siddharth Rao,Support Team 1,2026-09-27,Technical Support,Resolved,6,7.0,6.0,Low,1.7
SUP-0346,Sunita Sharma,Support Team 1,2026-09-17,Customer Service,Resolved,22,23.0,22.0,Critical,1.0
SUP-0347,Lakshmi Bhat,Support Team 3,2026-09-05,Customer Service,Resolved,18,17.0,18.0,Critical,3.5
SUP-0348,Swati Kulkarni,Support Team 3,2026-09-02,Customer Service,Resolved,15,16.0,15.0,Low,0.9
SUP-0349,Anjali Singh,Support Team 3,2026-09-14,Technical Support,Resolved,6,6.0,6.0,Medium,2.2
SUP-0350,Anita Desai,Support Team 2,2026-09-10,Billing Support,Pending,10,22.0,10.0,High,0.0
SUP-0351,Geeta Yadav,Support Team 2,2026-09-12,Technical Support,Resolved,20,19.0,20.0,Critical,3.1
SUP-0352,Anita Desai,Support Team 2,2026-09-21,Technical Support,Pending,9,18.0,9.0,High,0.0
SUP-0353,Siddharth Rao,Support Team 3,2026-09-13,Customer Service,Resolved,15,13.0,15.0,High,1.8
SUP-0354,Kiran Das,Support Team 3,2026-09-10,Technical Support,Resolved,4,5.0,4.0,Critical,1.5
SUP-0355,Vikram Singh,Support Team 1,2026-09-30,Customer Service,Resolved,14,12.0,14.0,Medium,1.7
SUP-0356,Rajesh Kumar,Support Team 3,2026-09-19,Technical Support,Resolved,18,17.0,18.0,Low,2.0
SUP-0357,Alok Kumar,Support Team 2,2026-09-05,Customer Service,Resolved,11,9.0,11.0,Critical,2.8
SUP-0358,Divya Saxena,Support Team 3,2026-09-03,Customer Service,Resolved,6,7.0,6.0,Low,0.7
SUP-0359,Rahul Mishra,Support Team 3,2026-09-08,Customer Service,Resolved,26,24.0,26.0,Medium,1.0
SUP-0360,Ashok Mehta,Support Team 2,2026-09-04,Technical Support,Resolved,21,18.0,21.0,Medium,1.5
SUP-0361,Priya Sharma,Support Team 2,2026-09-11,Billing Support,Resolved,16,17.0,16.0,Low,3.0
SUP-0362,Sunita Sharma,Support Team 1,2026-09-12,Customer Service,Resolved,18,20.0,18.0,Low,0.9
SUP-0363,Meera Pillai,Support Team 2,2026-09-21,Technical Support,Pending,5,14.0,5.0,Critical,0.0
SUP-0364,Arjun Rao,Support Team 1,2026-09-16,Billing Support,Resolved,8,7.0,8.0,High,0.9
SUP-0365,Divya Saxena,Support Team 3,2026-09-19,Billing Support,Resolved,23,22.0,23.0,Low,3.2
SUP-0366,Bhavna Patel,Support Team 2,2026-09-15,Billing Support,Resolved,11,13.0,11.0,Low,1.3
SUP-0367,Anjali Singh,Support Team 1,2026-09-27,Customer Service,Resolved,18,17.0,18.0,Critical,3.3
SUP-0368,Divya Saxena,Support Team 3,2026-09-18,Billing Support,Pending,6,12.0,6.0,Critical,0.0
SUP-0369,Ashok Mehta,Support Team 3,2026-09-18,Customer Service,Resolved,21,21.0,21.0,Low,1.4
SUP-0370,Manoj Tiwari,Support Team 2,2026-09-19,Customer Service,Escalated,0,6.0,0.0,Medium,0.0
SUP-0371,Geeta Yadav,Support Team 3,2026-09-22,Technical Support,Resolved,24,20.0,24.0,Critical,1.2
SUP-0372,Alok Kumar,Support Team 3,2026-09-02,Customer Service,Resolved,17,20.0,17.0,Low,2.5
SUP-0373,Kavita Nair,Support Team 3,2026-09-18,Billing Support,Pending,4,11.0,4.0,Medium,0.0
SUP-0374,Meera Pillai,Support Team 3,2026-09-21,Technical Support,Resolved,21,23.0,21.0,Low,1.6
SUP-0375,Arjun Rao,Support Team 2,2026-09-01,Technical Support,Resolved,27,25.0,27.0,Medium,1.4
SUP-0376,Deepa Joshi,Support Team 3,2026-09-19,Customer Service,Resolved,17,14.0,17.0,High,3.5
SUP-0377,Anjali Singh,Support Team 3,2026-09-28,Billing Support,Resolved,18,18.0,18.0,Critical,0.7
SUP-0378,Suresh Iyer,Support Team 1,2026-09-01,Customer Service,Resolved,16,16.0,16.0,Low,1.8
SUP-0379,Rahul Mishra,Support Team 2,2026-09-26,Customer Service,Resolved,11,12.0,11.0,Low,2.0
SUP-0380,Meera Pillai,Support Team 1,2026-09-08,Customer Service,Resolved,20,17.0,20.0,Medium,2.8
SUP-0381,Tarun Kapoor,Support Team 2,2026-09-11,Billing Support,Resolved,8,8.0,8.0,High,1.5
SUP-0382,Kavita Nair,Support Team 1,2026-09-01,Billing Support,Escalated,2,18.0,2.0,Medium,0.0
SUP-0383,Sneha Reddy,Support Team 1,2026-09-05,Customer Service,Resolved,19,19.0,19.0,Critical,3.1
SUP-0384,Deepa Joshi,Support Team 2,2026-09-05,Customer Service,Resolved,14,17.0,14.0,High,0.7
SUP-0385,Ashok Mehta,Support Team 1,2026-09-03,Customer Service,Escalated,5,21.0,5.0,High,0.0
SUP-0386,Lakshmi Bhat,Support Team 3,2026-09-21,Customer Service,Escalated,1,5.0,1.0,Low,0.0
SUP-0387,Sneha Reddy,Support Team 2,2026-09-19,Billing Support,Escalated,4,20.0,4.0,Medium,0.0
SUP-0388,Ravi Menon,Support Team 1,2026-09-06,Billing Support,Resolved,16,16.0,16.0,Low,2.9
SUP-0389,Sunita Sharma,Support Team 2,2026-09-15,Technical Support,Escalated,4,18.0,4.0,Medium,0.0
SUP-0390,Ramesh Pandey,Support Team 2,2026-09-03,Technical Support,Resolved,8,10.0,8.0,Medium,2.1
SUP-0391,Geeta Yadav,Support Team 2,2026-09-11,Technical Support,Resolved,26,23.0,26.0,Low,3.1
SUP-0392,Kiran Das,Support Team 3,2026-09-12,Billing Support,Resolved,15,13.0,15.0,Medium,1.0
SUP-0393,Sneha Reddy,Support Team 3,2026-09-18,Billing Support,Resolved,20,21.0,20.0,High,1.3
SUP-0394,Priya Sharma,Support Team 1,2026-09-22,Customer Service,Resolved,24,25.0,24.0,High,2.5
SUP-0395,Geeta Yadav,Support Team 1,2026-09-28,Technical Support,Pending,2,7.0,2.0,Medium,0.0
SUP-0396,Vikram Singh,Support Team 3,2026-09-15,Customer Service,Resolved,27,24.0,27.0,Critical,2.7
SUP-0397,Swati Kulkarni,Support Team 3,2026-09-24,Technical Support,Resolved,19,17.0,19.0,High,1.2
SUP-0398,Ramesh Pandey,Support Team 3,2026-09-22,Billing Support,Resolved,8,10.0,8.0,Critical,3.1
SUP-0399,Swati Kulkarni,Support Team 1,2026-09-27,Technical Support,Pending,8,16.0,8.0,Low,0.0
SUP-0400,Anjali Singh,Support Team 1,2026-09-20,Customer Service,Escalated,0,6.0,0.0,Medium,0.0
SUP-0401,Priya Sharma,Support Team 2,2026-09-20,Technical Support,Resolved,23,22.0,23.0,Medium,0.9
SUP-0402,Manoj Tiwari,Support Team 1,2026-09-29,Customer Service,Resolved,28,25.0,28.0,Critical,2.0
SUP-0403,Kiran Das,Support Team 2,2026-09-17,Customer Service,Resolved,8,7.0,8.0,Medium,1.5
SUP-0404,Suresh Iyer,Support Team 2,2026-09-09,Billing Support,Escalated,1,13.0,1.0,Low,0.0
SUP-0405,Siddharth Rao,Support Team 3,2026-09-07,Billing Support,Pending,3,7.0,3.0,Medium,0.0
SUP-0406,Kiran Das,Support Team 3,2026-09-26,Billing Support,Resolved,28,25.0,28.0,High,2.8
SUP-0407,Kavita Nair,Support Team 3,2026-09-20,Technical Support,Resolved,23,19.0,23.0,High,2.0
SUP-0408,Bhavna Patel,Support Team 3,2026-09-24,Customer Service,Pending,10,23.0,10.0,Medium,0.0
SUP-0409,Alok Kumar,Support Team 3,2026-09-20,Technical Support,Resolved,15,15.0,15.0,Critical,2.6
SUP-0410,Sneha Reddy,Support Team 2,2026-09-27,Customer Service,Resolved,13,13.0,13.0,Low,0.6
SUP-0411,Bhavna Patel,Support Team 3,2026-09-20,Billing Support,Resolved,19,17.0,19.0,Medium,1.0
SUP-0412,Alok Kumar,Support Team 1,2026-09-27,Billing Support,Resolved,23,23.0,23.0,Medium,2.1
SUP-0413,Rahul Mishra,Support Team 1,2026-09-05,Technical Support,Escalated,4,22.0,4.0,Critical,0.0
SUP-0414,Sunita Sharma,Support Team 1,2026-09-29,Billing Support,Resolved,10,10.0,10.0,Low,2.0
SUP-0415,Ashok Mehta,Support Team 3,2026-09-18,Technical Support,Resolved,6,8.0,6.0,Medium,0.9
SUP-0416,Kavita Nair,Support Team 1,2026-09-29,Technical Support,Resolved,21,21.0,21.0,Low,1.8
SUP-0417,Priya Sharma,Support Team 1,2026-09-17,Billing Support,Resolved,26,22.0,26.0,Critical,2.5
SUP-0418,Sneha Reddy,Support Team 1,2026-09-18,Technical Support,Pending,4,11.0,4.0,Low,0.0
SUP-0419,Deepa Joshi,Support Team 1,2026-09-30,Billing Support,Resolved,21,22.0,21.0,Medium,1.5
SUP-0420,Ramesh Pandey,Support Team 1,2026-09-19,Billing Support,Resolved,19,20.0,19.0,Medium,2.8
SUP-0421,Ravi Menon,Support Team 2,2026-09-10,Customer Service,Pending,9,23.0,9.0,Low,0.0
SUP-0422,Priya Sharma,Support Team 1,2026-09-07,Billing Support,Resolved,5,5.0,5.0,Medium,2.8
SUP-0423,Rajesh Kumar,Support Team 2,2026-09-27,Customer Service,Escalated,4,23.0,4.0,Low,0.0
SUP-0424,Manoj Tiwari,Support Team 1,2026-09-29,Billing Support,Resolved,22,18.0,22.0,Critical,2.5
SUP-0425,Suresh Iyer,Support Team 1,2026-09-03,Technical Support,Escalated,4,17.0,4.0,High,0.0
SUP-0426,Bhavna Patel,Support Team 1,2026-09-23,Technical Support,Resolved,14,12.0,14.0,Critical,0.5
SUP-0427,Lakshmi Bhat,Support Team 2,2026-09-04,Customer Service,Resolved,22,23.0,22.0,Low,2.4
SUP-0428,Sanjay Verma,Support Team 3,2026-09-01,Customer Service,Resolved,11,11.0,11.0,High,2.1
SUP-0429,Lakshmi Bhat,Support Team 1,2026-09-13,Billing Support,Resolved,25,23.0,25.0,Critical,1.0
SUP-0430,Anjali Singh,Support Team 1,2026-09-17,Technical Support,Resolved,23,22.0,23.0,Low,3.2
SUP-0431,Neha Agarwal,Support Team 3,2026-09-22,Billing Support,Resolved,21,24.0,21.0,Critical,0.6
SUP-0432,Anita Desai,Support Team 2,2026-09-15,Technical Support,Resolved,14,17.0,14.0,Medium,2.3
SUP-0433,Rajesh Kumar,Support Team 1,2026-09-05,Customer Service,Pending,6,16.0,6.0,Medium,0.0
SUP-0434,Arjun Rao,Support Team 1,2026-09-10,Technical Support,Resolved,5,5.0,5.0,High,3.4
SUP-0435,Sunita Sharma,Support Team 1,2026-09-03,Customer Service,Resolved,20,21.0,20.0,Critical,3.4
SUP-0436,Neha Agarwal,Support Team 2,2026-09-10,Billing Support,Resolved,9,9.0,9.0,Medium,1.7
SUP-0437,Anjali Singh,Support Team 1,2026-09-04,Billing Support,Resolved,26,25.0,26.0,Critical,1.3
SUP-0438,Vikram Singh,Support Team 2,2026-09-09,Technical Support,Resolved,29,24.0,29.0,Low,1.5
SUP-0439,Kiran Das,Support Team 1,2026-09-26,Billing Support,Pending,6,13.0,6.0,High,0.0
SUP-0440,Suresh Iyer,Support Team 1,2026-09-04,Billing Support,Resolved,13,14.0,13.0,Low,3.0
SUP-0441,Manoj Tiwari,Support Team 2,2026-09-25,Billing Support,Resolved,20,23.0,20.0,High,3.0
SUP-0442,Neha Agarwal,Support Team 1,2026-09-23,Billing Support,Resolved,5,6.0,5.0,High,1.7
SUP-0443,Meera Pillai,Support Team 2,2026-09-02,Customer Service,Resolved,8,9.0,8.0,Medium,3.1
SUP-0444,Sanjay Verma,Support Team 1,2026-09-30,Billing Support,Resolved,11,13.0,11.0,Medium,0.8
SUP-0445,Anita Desai,Support Team 3,2026-09-09,Billing Support,Resolved,6,7.0,6.0,Critical,1.8
SUP-0446,Sunita Sharma,Support Team 3,2026-09-30,Customer Service,Resolved,6,7.0,6.0,Low,1.6
SUP-0447,Amit Patel,Support Team 1,2026-09-19,Customer Service,Escalated,3,24.0,3.0,Critical,0.0
SUP-0448,Alok Kumar,Support Team 1,2026-09-27,Billing Support,Resolved,10,10.0,10.0,Low,2.7
SUP-0449,Geeta Yadav,Support Team 2,2026-09-08,Customer Service,Resolved,20,23.0,20.0,Critical,0.6
SUP-0450,Amit Patel,Support Team 2,2026-09-19,Customer Service,Resolved,6,5.0,6.0,Low,1.3
SUP-0451,Alok Kumar,Support Team 3,2026-09-19,Customer Service,Resolved,16,15.0,16.0,Medium,1.2
SUP-0452,Anjali Singh,Support Team 3,2026-09-17,Customer Service,Resolved,23,22.0,23.0,Critical,3.1
SUP-0453,Pooja Gupta,Support Team 1,2026-09-20,Customer Service,Resolved,23,20.0,23.0,Low,1.7
SUP-0454,Divya Saxena,Support Team 3,2026-09-17,Technical Support,Escalated,2,11.0,2.0,Low,0.0
SUP-0455,Ravi Menon,Support Team 3,2026-09-25,Technical Support,Resolved,13,15.0,13.0,Critical,1.6
SUP-0456,Kavita Nair,Support Team 3,2026-09-06,Technical Support,Resolved,13,14.0,13.0,High,3.1
SUP-0457,Kiran Das,Support Team 2,2026-09-17,Technical Support,Resolved,9,9.0,9.0,High,0.7
SUP-0458,Lakshmi Bhat,Support Team 2,2026-09-02,Billing Support,Resolved,11,11.0,11.0,High,1.2
SUP-0459,Alok Kumar,Support Team 2,2026-09-30,Billing Support,Resolved,21,22.0,21.0,Medium,1.0
SUP-0460,Arjun Rao,Support Team 3,2026-09-28,Customer Service,Resolved,9,9.0,9.0,Low,1.5
SUP-0461,Kiran Das,Support Team 2,2026-09-30,Customer Service,Resolved,16,17.0,16.0,High,2.4
SUP-0462,Amit Patel,Support Team 2,2026-09-13,Technical Support,Resolved,11,10.0,11.0,Low,0.5
SUP-0463,Lakshmi Bhat,Support Team 2,2026-09-29,Customer Service,Resolved,22,20.0,22.0,Low,1.4
SUP-0464,Swati Kulkarni,Support Team 3,2026-09-04,Technical Support,Resolved,8,7.0,8.0,Critical,1.9
SUP-0465,Sneha Reddy,Support Team 3,2026-09-22,Technical Support,Resolved,15,14.0,15.0,Critical,1.8
SUP-0466,Priya Sharma,Support Team 3,2026-09-23,Technical Support,Resolved,5,5.0,5.0,Medium,2.4
SUP-0467,Manoj Tiwari,Support Team 2,2026-09-23,Technical Support,Resolved,6,5.0,6.0,Medium,2.5
SUP-0468,Kiran Das,Support Team 2,2026-09-26,Billing Support,Resolved,5,6.0,5.0,Low,3.1
SUP-0469,Amit Patel,Support Team 2,2026-09-04,Customer Service,Resolved,12,10.0,12.0,High,1.5
SUP-0470,Kiran Das,Support Team 3,2026-09-29,Billing Support,Resolved,18,19.0,18.0,Critical,3.4
SUP-0471,Sneha Reddy,Support Team 2,2026-09-23,Technical Support,Pending,9,19.0,9.0,Low,0.0
SUP-0472,Sunita Sharma,Support Team 2,2026-09-23,Billing Support,Resolved,17,16.0,17.0,Low,3.2
SUP-0473,Priya Sharma,Support Team 1,2026-09-13,Customer Service,Escalated,3,24.0,3.0,High,0.0
SUP-0474,Tarun Kapoor,Support Team 3,2026-09-01,Technical Support,Resolved,20,23.0,20.0,Medium,1.3
SUP-0475,Priya Sharma,Support Team 1,2026-09-14,Technical Support,Resolved,12,14.0,12.0,Low,2.1
SUP-0476,Kavita Nair,Support Team 3,2026-09-11,Billing Support,Resolved,12,10.0,12.0,Medium,1.6
SUP-0477,Sunita Sharma,Support Team 2,2026-09-22,Billing Support,Resolved,5,6.0,5.0,Low,0.7
SUP-0478,Meera Pillai,Support Team 2,2026-09-19,Billing Support,Resolved,5,5.0,5.0,Low,1.8
SUP-0479,Amit Patel,Support Team 3,2026-09-13,Billing Support,Resolved,11,13.0,11.0,Medium,2.6
SUP-0480,Neha Agarwal,Support Team 3,2026-09-09,Billing Support,Resolved,12,11.0,12.0,High,2.2
SUP-0481,Deepa Joshi,Support Team 3,2026-09-23,Customer Service,Pending,1,5.0,1.0,Critical,0.0
SUP-0482,Kiran Das,Support Team 2,2026-09-25,Technical Support,Resolved,4,5.0,4.0,Low,2.4
SUP-0483,Amit Patel,Support Team 2,2026-09-07,Customer Service,Resolved,10,9.0,10.0,Low,1.1
SUP-0484,Kiran Das,Support Team 3,2026-09-09,Technical Support,Resolved,23,25.0,23.0,Medium,3.3
SUP-0485,Kavita Nair,Support Team 1,2026-09-10,Customer Service,Pending,2,7.0,2.0,Low,0.0
SUP-0486,Rahul Mishra,Support Team 1,2026-09-21,Customer Service,Pending,2,6.0,2.0,Low,0.0
SUP-0487,Ramesh Pandey,Support Team 3,2026-09-18,Customer Service,Resolved,10,12.0,10.0,Low,3.2
SUP-0488,Amit Patel,Support Team 2,2026-09-13,Customer Service,Resolved,9,9.0,9.0,High,0.5
SUP-0489,Sunita Sharma,Support Team 2,2026-09-11,Billing Support,Resolved,22,22.0,22.0,Medium,3.1
SUP-0490,Amit Patel,Support Team 1,2026-09-19,Billing Support,Resolved,17,18.0,17.0,Medium,1.7
SUP-0491,Siddharth Rao,Support Team 1,2026-09-14,Billing Support,Pending,5,10.0,5.0,Medium,0.0
SUP-0492,Kiran Das,Support Team 2,2026-09-12,Billing Support,Resolved,13,13.0,13.0,Low,1.9
SUP-0493,Ashok Mehta,Support Team 3,2026-09-05,Technical Support,Escalated,0,8.0,0.0,High,0.0
SUP-0494,Siddharth Rao,Support Team 1,2026-09-08,Billing Support,Resolved,4,5.0,4.0,Medium,1.8
SUP-0495,Sneha Reddy,Support Team 3,2026-09-26,Billing Support,Resolved,8,10.0,8.0,Low,3.2
SUP-0496,Sanjay Verma,Support Team 3,2026-09-30,Customer Service,Resolved,17,16.0,17.0,Low,1.8
SUP-0497,Sanjay Verma,Support Team 2,2026-09-07,Billing Support,Resolved,23,22.0,23.0,High,2.7
SUP-0498,Rahul Mishra,Support Team 3,2026-09-15,Billing Support,Escalated,2,10.0,2.0,Low,0.0
SUP-0499,Arjun Rao,Support Team 3,2026-09-17,Technical Support,Resolved,18,15.0,18.0,Medium,1.9
SUP-0500,Amit Patel,Support Team 3,2026-09-13,Billing Support,Escalated,5,21.0,5.0,Critical,0.0
SUP-0501,Alok Kumar,Support Team 1,2026-09-26,Billing Support,Resolved,16,14.0,16.0,Medium,2.5
SUP-0502,Anita Desai,Support Team 3,2026-09-25,Customer Service,Resolved,5,6.0,5.0,High,1.1
SUP-0503,Lakshmi Bhat,Support Team 1,2026-09-21,Technical Support,Resolved,7,9.0,7.0,High,0.8
SUP-0504,Neha Agarwal,Support Team 2,2026-09-21,Technical Support,Resolved,24,21.0,24.0,High,0.7
SUP-0505,Rahul Mishra,Support Team 3,2026-09-23,Technical Support,Resolved,10,9.0,10.0,Medium,2.7
SUP-0506,Priya Sharma,Support Team 3,2026-09-07,Technical Support,Resolved,8,9.0,8.0,Critical,0.9
SUP-0507,Neha Agarwal,Support Team 2,2026-09-28,Technical Support,Resolved,7,8.0,7.0,Low,2.7
SUP-0508,Alok Kumar,Support Team 1,2026-09-17,Technical Support,Resolved,6,6.0,6.0,Low,1.7
SUP-0509,Swati Kulkarni,Support Team 1,2026-09-12,Billing Support,Pending,6,12.0,6.0,Critical,0.0
SUP-0510,Kiran Das,Support Team 2,2026-09-12,Customer Service,Escalated,1,8.0,1.0,Medium,0.0
SUP-0511,Vikram Singh,Support Team 1,2026-09-22,Technical Support,Resolved,21,24.0,21.0,Low,2.5
SUP-0512,Neha Agarwal,Support Team 2,2026-09-13,Billing Support,Resolved,10,10.0,10.0,Medium,3.4
SUP-0513,Sneha Reddy,Support Team 1,2026-09-09,Technical Support,Pending,12,22.0,12.0,Low,0.0
SUP-0514,Divya Saxena,Support Team 2,2026-09-13,Technical Support,Resolved,8,7.0,8.0,Low,1.1
SUP-0515,Meera Pillai,Support Team 2,2026-09-01,Billing Support,Resolved,18,17.0,18.0,Critical,1.6
SUP-0516,Siddharth Rao,Support Team 2,2026-09-15,Technical Support,Resolved,20,17.0,20.0,Critical,0.8
SUP-0517,Pooja Gupta,Support Team 2,2026-09-02,Customer Service,Resolved,12,13.0,12.0,Critical,0.6
SUP-0518,Arjun Rao,Support Team 1,2026-09-22,Customer Service,Resolved,12,11.0,12.0,High,2.2
SUP-0519,Rajesh Kumar,Support Team 2,2026-09-21,Billing Support,Resolved,17,19.0,17.0,Critical,3.0
SUP-0520,Vikram Singh,Support Team 2,2026-09-29,Technical Support,Resolved,8,9.0,8.0,Medium,2.9
SUP-0521,Sunita Sharma,Support Team 3,2026-09-11,Billing Support,Resolved,14,15.0,14.0,Low,1.0
SUP-0522,Lakshmi Bhat,Support Team 3,2026-09-16,Billing Support,Escalated,2,24.0,2.0,Critical,0.0
SUP-0523,Vikram Singh,Support Team 3,2026-09-08,Billing Support,Resolved,7,7.0,7.0,Critical,2.2
SUP-0524,Suresh Iyer,Support Team 1,2026-09-07,Billing Support,Resolved,14,12.0,14.0,High,2.7
SUP-0525,Kiran Das,Support Team 1,2026-09-29,Customer Service,Resolved,17,16.0,17.0,High,1.2
SUP-0526,Ravi Menon,Support Team 1,2026-09-26,Billing Support,Resolved,7,7.0,7.0,Critical,1.6
SUP-0527,Arjun Rao,Support Team 1,2026-09-12,Billing Support,Resolved,22,19.0,22.0,High,1.7
SUP-0528,Neha Agarwal,Support Team 2,2026-09-26,Customer Service,Resolved,14,13.0,14.0,High,3.3
SUP-0529,Ravi Menon,Support Team 2,2026-09-08,Customer Service,Resolved,24,20.0,24.0,Critical,1.3
SUP-0530,Sunita Sharma,Support Team 3,2026-09-20,Billing Support,Resolved,7,7.0,7.0,Medium,3.2
SUP-0531,Amit Patel,Support Team 1,2026-09-11,Customer Service,Resolved,24,22.0,24.0,High,0.5
SUP-0532,Sunita Sharma,Support Team 3,2026-09-30,Customer Service,Resolved,13,15.0,13.0,Medium,1.7
SUP-0533,Manoj Tiwari,Support Team 2,2026-09-19,Customer Service,Resolved,17,19.0,17.0,Medium,3.1
SUP-0534,Rajesh Kumar,Support Team 2,2026-09-28,Customer Service,Resolved,18,16.0,18.0,Low,2.3
SUP-0535,Suresh Iyer,Support Team 1,2026-09-13,Technical Support,Escalated,1,14.0,1.0,High,0.0
SUP-0536,Ramesh Pandey,Support Team 3,2026-09-19,Technical Support,Resolved,12,10.0,12.0,High,2.9
SUP-0537,Tarun Kapoor,Support Team 2,2026-09-29,Customer Service,Resolved,6,6.0,6.0,Critical,1.7
SUP-0538,Kavita Nair,Support Team 1,2026-09-30,Billing Support,Escalated,1,5.0,1.0,Low,0.0
SUP-0539,Neha Agarwal,Support Team 3,2026-09-27,Customer Service,Escalated,2,9.0,2.0,Low,0.0
SUP-0540,Pooja Gupta,Support Team 3,2026-09-18,Customer Service,Resolved,21,22.0,21.0,High,1.0
SUP-0541,Siddharth Rao,Support Team 3,2026-09-09,Billing Support,Pending,10,18.0,10.0,Critical,0.0
SUP-0542,Suresh Iyer,Support Team 2,2026-09-28,Billing Support,Resolved,17,20.0,17.0,Medium,2.0
SUP-0543,Bhavna Patel,Support Team 3,2026-09-30,Billing Support,Resolved,21,21.0,21.0,Medium,1.5
SUP-0544,Kavita Nair,Support Team 2,2026-09-15,Customer Service,Resolved,18,18.0,18.0,Medium,1.5
SUP-0545,Ravi Menon,Support Team 2,2026-09-01,Technical Support,Resolved,6,6.0,6.0,High,0.6
SUP-0546,Siddharth Rao,Support Team 1,2026-09-27,Customer Service,Escalated,0,7.0,0.0,High,0.0
SUP-0547,Manoj Tiwari,Support Team 3,2026-09-17,Billing Support,Escalated,0,6.0,0.0,Medium,0.0
SUP-0548,Neha Agarwal,Support Team 3,2026-09-06,Billing Support,Resolved,12,14.0,12.0,Medium,1.9
SUP-0549,Sneha Reddy,Support Team 2,2026-09-01,Billing Support,Resolved,25,23.0,25.0,Medium,0.9
SUP-0550,Tarun Kapoor,Support Team 2,2026-09-17,Billing Support,Resolved,24,20.0,24.0,Medium,3.2
SUP-0551,Sneha Reddy,Support Team 1,2026-09-13,Billing Support,Resolved,9,9.0,9.0,Low,1.7
SUP-0552,Divya Saxena,Support Team 3,2026-09-06,Billing Support,Resolved,23,20.0,23.0,High,1.5
SUP-0553,Divya Saxena,Support Team 2,2026-09-27,Billing Support,Resolved,10,12.0,10.0,Critical,1.0
SUP-0554,Kavita Nair,Support Team 3,2026-09-20,Technical Support,Pending,11,24.0,11.0,Low,0.0
SUP-0555,Deepa Joshi,Support Team 2,2026-09-28,Customer Service,Resolved,13,12.0,13.0,Medium,1.2
SUP-0556,Meera Pillai,Support Team 2,2026-09-03,Billing Support,Resolved,6,6.0,6.0,Low,0.8
SUP-0557,Lakshmi Bhat,Support Team 2,2026-09-02,Billing Support,Resolved,25,24.0,25.0,Medium,3.4
SUP-0558,Siddharth Rao,Support Team 1,2026-09-13,Technical Support,Resolved,17,20.0,17.0,High,1.7
SUP-0559,Ramesh Pandey,Support Team 3,2026-09-08,Billing Support,Resolved,30,25.0,30.0,Critical,2.6
SUP-0560,Swati Kulkarni,Support Team 3,2026-09-14,Billing Support,Resolved,26,22.0,26.0,Critical,2.8
SUP-0561,Ravi Menon,Support Team 2,2026-09-15,Customer Service,Resolved,13,11.0,13.0,Medium,3.4
SUP-0562,Vikram Singh,Support Team 1,2026-09-30,Billing Support,Resolved,22,25.0,22.0,High,2.3
SUP-0563,Vikram Singh,Support Team 2,2026-09-18,Billing Support,Pending,7,23.0,7.0,Medium,0.0
SUP-0564,Anita Desai,Support Team 3,2026-09-12,Customer Service,Resolved,11,10.0,11.0,High,2.4
SUP-0565,Ravi Menon,Support Team 2,2026-09-21,Technical Support,Escalated,3,12.0,3.0,Critical,0.0
SUP-0566,Bhavna Patel,Support Team 1,2026-09-03,Billing Support,Resolved,5,6.0,5.0,Critical,2.6
SUP-0567,Suresh Iyer,Support Team 1,2026-09-27,Technical Support,Resolved,14,15.0,14.0,High,2.2
SUP-0568,Tarun Kapoor,Support Team 1,2026-09-21,Billing Support,Resolved,6,5.0,6.0,Critical,0.7
SUP-0569,Anita Desai,Support Team 2,2026-09-22,Technical Support,Resolved,15,14.0,15.0,Critical,1.2
SUP-0570,Swati Kulkarni,Support Team 2,2026-09-13,Technical Support,Resolved,15,13.0,15.0,High,0.6
SUP-0571,Suresh Iyer,Support Team 3,2026-09-03,Technical Support,Escalated,1,7.0,1.0,Critical,0.0
SUP-0572,Geeta Yadav,Support Team 2,2026-09-03,Technical Support,Resolved,14,15.0,14.0,Low,1.3
SUP-0573,Rahul Mishra,Support Team 3,2026-09-13,Billing Support,Escalated,3,23.0,3.0,Critical,0.0
SUP-0574,Pooja Gupta,Support Team 1,2026-09-02,Customer Service,Pending,2,9.0,2.0,Medium,0.0
SUP-0575,Meera Pillai,Support Team 1,2026-09-22,Technical Support,Resolved,26,25.0,26.0,Low,0.9
SUP-0576,Vikram Singh,Support Team 2,2026-09-03,Technical Support,Resolved,21,18.0,21.0,Critical,2.4
SUP-0577,Lakshmi Bhat,Support Team 3,2026-09-21,Customer Service,Resolved,28,23.0,28.0,Low,1.9
SUP-0578,Anita Desai,Support Team 2,2026-09-16,Customer Service,Resolved,29,24.0,29.0,Critical,1.1
SUP-0579,Ramesh Pandey,Support Team 2,2026-09-22,Technical Support,Resolved,16,15.0,16.0,Critical,3.4
SUP-0580,Ramesh Pandey,Support Team 3,2026-09-14,Customer Service,Resolved,30,25.0,30.0,High,3.3
SUP-0581,Ravi Menon,Support Team 1,2026-09-20,Technical Support,Resolved,16,17.0,16.0,High,1.1
SUP-0582,Anita Desai,Support Team 1,2026-09-04,Technical Support,Resolved,8,8.0,8.0,Low,1.6
SUP-0583,Tarun Kapoor,Support Team 2,2026-09-16,Customer Service,Resolved,15,14.0,15.0,High,1.9
SUP-0584,Neha Agarwal,Support Team 1,2026-09-23,Technical Support,Resolved,22,18.0,22.0,High,1.9
SUP-0585,Deepa Joshi,Support Team 3,2026-09-22,Customer Service,Resolved,15,14.0,15.0,High,2.3
SUP-0586,Alok Kumar,Support Team 1,2026-09-14,Technical Support,Resolved,16,16.0,16.0,High,3.5
SUP-0587,Bhavna Patel,Support Team 2,2026-09-02,Technical Support,Resolved,15,16.0,15.0,Medium,1.2
SUP-0588,Priya Sharma,Support Team 3,2026-09-24,Customer Service,Escalated,4,23.0,4.0,Medium,0.0
SUP-0589,Kiran Das,Support Team 2,2026-09-03,Technical Support,Pending,11,23.0,11.0,Medium,0.0
SUP-0590,Rahul Mishra,Support Team 3,2026-09-13,Technical Support,Resolved,6,6.0,6.0,Low,2.3
SUP-0591,Anita Desai,Support Team 2,2026-09-12,Technical Support,Resolved,10,10.0,10.0,Critical,2.5
SUP-0592,Deepa Joshi,Support Team 1,2026-09-03,Customer Service,Resolved,23,21.0,23.0,High,2.2
SUP-0593,Divya Saxena,Support Team 2,2026-09-12,Customer Service,Resolved,17,18.0,17.0,High,3.4
SUP-0594,Bhavna Patel,Support Team 2,2026-09-24,Technical Support,Resolved,15,13.0,15.0,High,2.9
SUP-0595,Divya Saxena,Support Team 1,2026-09-13,Billing Support,Escalated,3,23.0,3.0,Medium,0.0
SUP-0596,Siddharth Rao,Support Team 3,2026-09-28,Customer Service,Resolved,18,19.0,18.0,High,2.2
SUP-0597,Alok Kumar,Support Team 2,2026-09-09,Technical Support,Resolved,20,22.0,20.0,High,1.2
SUP-0598,Sanjay Verma,Support Team 2,2026-09-05,Billing Support,Resolved,13,11.0,13.0,High,2.5
SUP-0599,Sneha Reddy,Support Team 1,2026-09-06,Technical Support,Escalated,4,23.0,4.0,Low,0.0
SUP-0600,Ashok Mehta,Support Team 1,2026-09-04,Customer Service,Resolved,19,20.0,19.0,High,3.2
SUP-0601,Ravi Menon,Support Team 2,2026-09-21,Billing Support,Pending,6,16.0,6.0,Medium,0.0
SUP-0602,Bhavna Patel,Support Team 1,2026-09-02,Technical Support,Resolved,13,14.0,13.0,High,1.8
SUP-0603,Arjun Rao,Support Team 1,2026-09-05,Billing Support,Resolved,20,23.0,20.0,High,0.6
SUP-0604,Sneha Reddy,Support Team 1,2026-09-25,Technical Support,Resolved,18,19.0,18.0,High,1.7
SUP-0605,Sanjay Verma,Support Team 3,2026-09-20,Customer Service,Resolved,22,23.0,22.0,Critical,2.5
SUP-0606,Rajesh Kumar,Support Team 3,2026-09-14,Technical Support,Escalated,3,24.0,3.0,Low,0.0
SUP-0607,Suresh Iyer,Support Team 3,2026-09-12,Billing Support,Resolved,14,13.0,14.0,Medium,1.7
SUP-0608,Amit Patel,Support Team 1,2026-09-08,Billing Support,Resolved,7,6.0,7.0,Medium,1.4
SUP-0609,Ravi Menon,Support Team 2,2026-09-06,Billing Support,Resolved,7,6.0,7.0,Critical,1.1
SUP-0610,Deepa Joshi,Support Team 1,2026-09-09,Customer Service,Resolved,6,8.0,6.0,Critical,1.2
SUP-0611,Ashok Mehta,Support Team 3,2026-09-14,Billing Support,Resolved,19,17.0,19.0,Low,2.1
SUP-0612,Priya Sharma,Support Team 3,2026-09-26,Billing Support,Resolved,9,9.0,9.0,Low,1.3
SUP-0613,Vikram Singh,Support Team 3,2026-09-03,Billing Support,Resolved,20,20.0,20.0,Critical,1.4
SUP-0614,Suresh Iyer,Support Team 1,2026-09-02,Customer Service,Resolved,13,15.0,13.0,High,1.2
SUP-0615,Priya Sharma,Support Team 1,2026-09-06,Billing Support,Resolved,13,13.0,13.0,Critical,1.5
SUP-0616,Tarun Kapoor,Support Team 2,2026-09-24,Technical Support,Resolved,9,9.0,9.0,Medium,1.0
SUP-0617,Rajesh Kumar,Support Team 1,2026-09-01,Technical Support,Resolved,28,23.0,28.0,Low,1.1
SUP-0618,Kavita Nair,Support Team 1,2026-09-08,Technical Support,Resolved,19,19.0,19.0,Low,2.7
SUP-0619,Swati Kulkarni,Support Team 2,2026-09-26,Customer Service,Resolved,5,5.0,5.0,Critical,1.8
SUP-0620,Divya Saxena,Support Team 3,2026-09-12,Customer Service,Resolved,5,6.0,5.0,Medium,2.4
SUP-0621,Priya Sharma,Support Team 1,2026-09-29,Technical Support,Escalated,4,23.0,4.0,High,0.0
SUP-0622,Siddharth Rao,Support Team 2,2026-09-06,Technical Support,Resolved,14,13.0,14.0,Medium,3.4
SUP-0623,Priya Sharma,Support Team 1,2026-09-18,Customer Service,Resolved,26,23.0,26.0,Low,2.9
SUP-0624,Amit Patel,Support Team 2,2026-09-23,Technical Support,Escalated,1,9.0,1.0,High,0.0
SUP-0625,Priya Sharma,Support Team 2,2026-09-27,Billing Support,Resolved,14,13.0,14.0,Low,2.1
SUP-0626,Siddharth Rao,Support Team 2,2026-09-21,Billing Support,Resolved,17,15.0,17.0,Medium,1.7
SUP-0627,Sunita Sharma,Support Team 2,2026-09-02,Customer Service,Resolved,20,22.0,20.0,Critical,3.1
SUP-0628,Vikram Singh,Support Team 3,2026-09-16,Billing Support,Resolved,25,21.0,25.0,Medium,0.7
SUP-0629,Manoj Tiwari,Support Team 3,2026-09-02,Billing Support,Pending,6,15.0,6.0,High,0.0
SUP-0630,Ashok Mehta,Support Team 2,2026-09-30,Billing Support,Resolved,11,9.0,11.0,Medium,2.0
SUP-0631,Kiran Das,Support Team 3,2026-09-25,Technical Support,Pending,2,8.0,2.0,Low,0.0
SUP-0632,Priya Sharma,Support Team 1,2026-09-17,Customer Service,Escalated,0,6.0,0.0,High,0.0
SUP-0633,Ashok Mehta,Support Team 3,2026-09-14,Billing Support,Resolved,7,7.0,7.0,Critical,0.6
SUP-0634,Deepa Joshi,Support Team 3,2026-09-02,Billing Support,Escalated,3,24.0,3.0,Low,0.0
SUP-0635,Rahul Mishra,Support Team 3,2026-09-20,Customer Service,Resolved,10,10.0,10.0,Low,2.7
SUP-0636,Neha Agarwal,Support Team 1,2026-09-06,Technical Support,Resolved,24,20.0,24.0,Medium,2.7
SUP-0637,Kavita Nair,Support Team 3,2026-09-15,Technical Support,Resolved,19,16.0,19.0,Low,0.9
SUP-0638,Arjun Rao,Support Team 1,2026-09-13,Billing Support,Resolved,14,13.0,14.0,Medium,2.4
SUP-0639,Sunita Sharma,Support Team 1,2026-09-24,Billing Support,Resolved,25,22.0,25.0,High,1.1
SUP-0640,Deepa Joshi,Support Team 2,2026-09-15,Technical Support,Resolved,22,21.0,22.0,High,2.3
SUP-0641,Rajesh Kumar,Support Team 2,2026-09-15,Technical Support,Pending,2,5.0,2.0,Critical,0.0
SUP-0642,Tarun Kapoor,Support Team 3,2026-09-22,Customer Service,Resolved,13,15.0,13.0,Critical,2.5
SUP-0643,Suresh Iyer,Support Team 3,2026-09-23,Technical Support,Resolved,27,25.0,27.0,High,1.0
SUP-0644,Meera Pillai,Support Team 1,2026-09-09,Technical Support,Resolved,20,20.0,20.0,Medium,2.9
SUP-0645,Sunita Sharma,Support Team 2,2026-09-19,Technical Support,Resolved,8,7.0,8.0,Low,1.5
SUP-0646,Vikram Singh,Support Team 3,2026-09-05,Technical Support,Resolved,26,23.0,26.0,High,1.0
SUP-0647,Sneha Reddy,Support Team 1,2026-09-11,Customer Service,Resolved,9,9.0,9.0,Critical,1.4
SUP-0648,Kavita Nair,Support Team 2,2026-09-08,Customer Service,Resolved,9,9.0,9.0,High,1.0
SUP-0649,Swati Kulkarni,Support Team 1,2026-09-02,Customer Service,Resolved,16,15.0,16.0,Low,2.4
SUP-0650,Ramesh Pandey,Support Team 3,2026-09-18,Customer Service,Resolved,12,11.0,12.0,Low,1.2
SUP-0651,Priya Sharma,Support Team 2,2026-09-19,Billing Support,Pending,6,12.0,6.0,Medium,0.0
SUP-0652,Amit Patel,Support Team 3,2026-09-03,Technical Support,Pending,4,8.0,4.0,Medium,0.0
SUP-0653,Anjali Singh,Support Team 1,2026-09-12,Billing Support,Resolved,9,8.0,9.0,Critical,2.1
SUP-0654,Lakshmi Bhat,Support Team 2,2026-09-18,Customer Service,Escalated,3,14.0,3.0,Low,0.0
SUP-0655,Tarun Kapoor,Support Team 3,2026-09-04,Billing Support,Resolved,23,22.0,23.0,High,1.7
SUP-0656,Tarun Kapoor,Support Team 1,2026-09-27,Billing Support,Resolved,15,17.0,15.0,Critical,3.3
SUP-0657,Kiran Das,Support Team 3,2026-09-17,Customer Service,Resolved,15,15.0,15.0,Critical,2.8
SUP-0658,Ramesh Pandey,Support Team 2,2026-09-10,Customer Service,Resolved,8,8.0,8.0,Medium,2.7
SUP-0659,Deepa Joshi,Support Team 3,2026-09-06,Technical Support,Resolved,21,18.0,21.0,Medium,1.0
SUP-0660,Anita Desai,Support Team 1,2026-09-10,Billing Support,Resolved,12,14.0,12.0,Medium,1.3
SUP-0661,Anjali Singh,Support Team 1,2026-09-10,Billing Support,Resolved,25,21.0,25.0,Low,2.2
SUP-0662,Amit Patel,Support Team 2,2026-09-28,Billing Support,Resolved,19,18.0,19.0,High,2.3
SUP-0663,Rahul Mishra,Support Team 3,2026-09-17,Technical Support,Resolved,23,21.0,23.0,Low,0.8
SUP-0664,Priya Sharma,Support Team 1,2026-09-29,Customer Service,Resolved,5,5.0,5.0,Low,2.7
SUP-0665,Priya Sharma,Support Team 1,2026-09-12,Technical Support,Resolved,21,22.0,21.0,Medium,2.1
SUP-0666,Bhavna Patel,Support Team 1,2026-09-01,Customer Service,Resolved,17,15.0,17.0,Medium,1.3
SUP-0667,Lakshmi Bhat,Support Team 3,2026-09-01,Customer Service,Resolved,12,10.0,12.0,Medium,3.0
SUP-0668,Swati Kulkarni,Support Team 3,2026-09-25,Billing Support,Resolved,19,19.0,19.0,Medium,2.6
SUP-0669,Siddharth Rao,Support Team 2,2026-09-25,Customer Service,Escalated,1,12.0,1.0,Medium,0.0
SUP-0670,Alok Kumar,Support Team 3,2026-09-20,Customer Service,Resolved,10,11.0,10.0,Low,2.0
SUP-0671,Sanjay Verma,Support Team 2,2026-09-21,Technical Support,Pending,12,22.0,12.0,Critical,0.0
SUP-0672,Anita Desai,Support Team 2,2026-09-15,Technical Support,Resolved,21,22.0,21.0,Low,2.8
SUP-0673,Amit Patel,Support Team 1,2026-09-05,Billing Support,Resolved,9,10.0,9.0,Medium,1.2
SUP-0674,Sneha Reddy,Support Team 3,2026-09-18,Billing Support,Resolved,11,12.0,11.0,Low,1.1
SUP-0675,Sanjay Verma,Support Team 2,2026-09-11,Billing Support,Escalated,0,5.0,0.0,Critical,0.0
SUP-0676,Neha Agarwal,Support Team 2,2026-09-04,Billing Support,Resolved,28,25.0,28.0,Medium,3.0
SUP-0677,Rajesh Kumar,Support Team 3,2026-09-29,Billing Support,Resolved,29,25.0,29.0,Low,1.2
SUP-0678,Divya Saxena,Support Team 1,2026-09-15,Billing Support,Resolved,16,18.0,16.0,Low,3.3
SUP-0679,Pooja Gupta,Support Team 3,2026-09-14,Billing Support,Pending,9,25.0,9.0,High,0.0
SUP-0680,Pooja Gupta,Support Team 3,2026-09-16,Technical Support,Resolved,6,5.0,6.0,Medium,3.0
SUP-0681,Ashok Mehta,Support Team 2,2026-09-13,Customer Service,Resolved,18,17.0,18.0,High,2.8
SUP-0682,Rahul Mishra,Support Team 1,2026-09-05,Customer Service,Resolved,15,14.0,15.0,Medium,2.3
SUP-0683,Manoj Tiwari,Support Team 2,2026-09-08,Billing Support,Resolved,19,18.0,19.0,Critical,0.5
SUP-0684,Geeta Yadav,Support Team 2,2026-09-29,Technical Support,Resolved,20,24.0,20.0,Critical,1.3
SUP-0685,Vikram Singh,Support Team 3,2026-09-14,Customer Service,Resolved,12,14.0,12.0,Critical,1.8
SUP-0686,Neha Agarwal,Support Team 1,2026-09-18,Technical Support,Resolved,24,24.0,24.0,Critical,2.6
SUP-0687,Suresh Iyer,Support Team 3,2026-09-12,Billing Support,Resolved,22,23.0,22.0,Medium,1.3
SUP-0688,Anjali Singh,Support Team 3,2026-09-26,Billing Support,Pending,3,8.0,3.0,Medium,0.0
SUP-0689,Deepa Joshi,Support Team 2,2026-09-17,Billing Support,Resolved,19,17.0,19.0,Low,2.1
SUP-0690,Arjun Rao,Support Team 2,2026-09-25,Billing Support,Resolved,12,13.0,12.0,Medium,0.5
SUP-0691,Swati Kulkarni,Support Team 3,2026-09-17,Customer Service,Pending,8,15.0,8.0,Low,0.0
SUP-0692,Siddharth Rao,Support Team 1,2026-09-06,Customer Service,Resolved,16,19.0,16.0,Low,1.7
SUP-0693,Rajesh Kumar,Support Team 3,2026-09-06,Customer Service,Resolved,12,13.0,12.0,Medium,0.8
SUP-0694,Rajesh Kumar,Support Team 3,2026-09-29,Billing Support,Resolved,13,11.0,13.0,High,2.9
SUP-0695,Neha Agarwal,Support Team 2,2026-09-22,Billing Support,Resolved,26,24.0,26.0,Low,1.9
SUP-0696,Lakshmi Bhat,Support Team 2,2026-09-14,Technical Support,Resolved,22,19.0,22.0,Low,3.2
SUP-0697,Rajesh Kumar,Support Team 1,2026-09-02,Billing Support,Resolved,19,17.0,19.0,High,1.7
SUP-0698,Ramesh Pandey,Support Team 1,2026-09-01,Customer Service,Resolved,8,8.0,8.0,Medium,2.8
SUP-0699,Siddharth Rao,Support Team 2,2026-09-18,Billing Support,Pending,6,14.0,6.0,Low,0.0
SUP-0700,Sanjay Verma,Support Team 2,2026-09-30,Billing Support,Escalated,3,25.0,3.0,Critical,0.0
SUP-0701,Anita Desai,Support Team 2,2026-09-29,Billing Support,Pending,1,5.0,1.0,Medium,0.0
SUP-0702,Meera Pillai,Support Team 2,2026-09-29,Billing Support,Resolved,11,12.0,11.0,High,1.4
SUP-0703,Vikram Singh,Support Team 3,2026-09-20,Technical Support,Resolved,14,13.0,14.0,Critical,3.4
SUP-0704,Siddharth Rao,Support Team 2,2026-09-06,Customer Service,Escalated,2,17.0,2.0,Medium,0.0
SUP-0705,Sneha Reddy,Support Team 2,2026-09-30,Customer Service,Resolved,21,18.0,21.0,Critical,0.9
SUP-0706,Tarun Kapoor,Support Team 1,2026-09-06,Technical Support,Resolved,4,5.0,4.0,High,1.1
SUP-0707,Kiran Das,Support Team 1,2026-09-09,Customer Service,Resolved,16,17.0,16.0,High,1.4
SUP-0708,Pooja Gupta,Support Team 3,2026-09-08,Billing Support,Resolved,8,10.0,8.0,Medium,3.0
SUP-0709,Lakshmi Bhat,Support Team 1,2026-09-11,Technical Support,Resolved,8,7.0,8.0,High,1.4
SUP-0710,Ravi Menon,Support Team 1,2026-09-06,Billing Support,Pending,7,24.0,7.0,Medium,0.0
SUP-0711,Arjun Rao,Support Team 1,2026-09-22,Technical Support,Escalated,2,7.0,2.0,Critical,0.0
SUP-0712,Kavita Nair,Support Team 3,2026-09-05,Billing Support,Escalated,2,20.0,2.0,High,0.0
SUP-0713,Lakshmi Bhat,Support Team 3,2026-09-18,Billing Support,Resolved,17,16.0,17.0,High,2.6
SUP-0714,Lakshmi Bhat,Support Team 2,2026-09-06,Technical Support,Resolved,12,14.0,12.0,Medium,3.0
SUP-0715,Ashok Mehta,Support Team 2,2026-09-04,Customer Service,Resolved,20,21.0,20.0,Low,1.6
SUP-0716,Kiran Das,Support Team 1,2026-09-02,Customer Service,Escalated,5,21.0,5.0,Low,0.0
SUP-0717,Pooja Gupta,Support Team 2,2026-09-20,Technical Support,Resolved,18,19.0,18.0,High,1.9
SUP-0718,Ramesh Pandey,Support Team 1,2026-09-12,Technical Support,Resolved,23,21.0,23.0,High,3.1
SUP-0719,Sneha Reddy,Support Team 2,2026-09-04,Customer Service,Resolved,23,23.0,23.0,Medium,1.3
SUP-0720,Priya Sharma,Support Team 2,2026-09-08,Customer Service,Resolved,4,5.0,4.0,Medium,0.9
SUP-0721,Meera Pillai,Support Team 1,2026-09-28,Technical Support,Resolved,14,12.0,14.0,Medium,2.1
SUP-0722,Meera Pillai,Support Team 1,2026-09-17,Customer Service,Resolved,11,10.0,11.0,High,2.2
SUP-0723,Anjali Singh,Support Team 1,2026-09-16,Billing Support,Resolved,4,5.0,4.0,Medium,2.2
SUP-0724,Manoj Tiwari,Support Team 3,2026-09-03,Customer Service,Resolved,21,19.0,21.0,Medium,1.7
SUP-0725,Sunita Sharma,Support Team 2,2026-09-24,Technical Support,Resolved,18,21.0,18.0,Low,2.0
SUP-0726,Pooja Gupta,Support Team 2,2026-09-22,Customer Service,Resolved,15,13.0,15.0,Critical,2.0
SUP-0727,Kiran Das,Support Team 3,2026-09-13,Technical Support,Resolved,18,17.0,18.0,High,0.7
SUP-0728,Kavita Nair,Support Team 1,2026-09-27,Customer Service,Resolved,25,24.0,25.0,Critical,3.2
SUP-0729,Suresh Iyer,Support Team 2,2026-09-02,Billing Support,Resolved,26,23.0,26.0,Low,2.6
SUP-0730,Priya Sharma,Support Team 3,2026-09-20,Billing Support,Resolved,12,12.0,12.0,Medium,2.1
SUP-0731,Siddharth Rao,Support Team 3,2026-09-23,Customer Service,Resolved,7,7.0,7.0,High,1.7
SUP-0732,Alok Kumar,Support Team 2,2026-09-06,Billing Support,Resolved,14,13.0,14.0,High,2.0
SUP-0733,Divya Saxena,Support Team 3,2026-09-20,Billing Support,Resolved,16,16.0,16.0,High,2.2
SUP-0734,Siddharth Rao,Support Team 2,2026-09-11,Billing Support,Resolved,18,16.0,18.0,Low,0.9
SUP-0735,Siddharth Rao,Support Team 3,2026-09-02,Technical Support,Resolved,21,19.0,21.0,Low,1.9
SUP-0736,Siddharth Rao,Support Team 1,2026-09-10,Billing Support,Resolved,27,25.0,27.0,Low,3.1
SUP-0737,Kiran Das,Support Team 1,2026-09-30,Customer Service,Resolved,20,21.0,20.0,High,3.4
SUP-0738,Anjali Singh,Support Team 1,2026-09-26,Customer Service,Pending,4,11.0,4.0,Medium,0.0
SUP-0739,Sanjay Verma,Support Team 2,2026-09-17,Technical Support,Resolved,12,11.0,12.0,High,1.1
SUP-0740,Tarun Kapoor,Support Team 2,2026-09-28,Billing Support,Resolved,7,7.0,7.0,Critical,2.3
SUP-0741,Siddharth Rao,Support Team 3,2026-09-03,Customer Service,Escalated,3,15.0,3.0,Low,0.0
SUP-0742,Geeta Yadav,Support Team 3,2026-09-22,Billing Support,Resolved,11,10.0,11.0,Low,1.8
SUP-0743,Pooja Gupta,Support Team 2,2026-09-05,Billing Support,Pending,8,18.0,8.0,Medium,0.0
SUP-0744,Siddharth Rao,Support Team 2,2026-09-03,Billing Support,Pending,7,15.0,7.0,Low,0.0
SUP-0745,Tarun Kapoor,Support Team 3,2026-09-15,Billing Support,Resolved,13,15.0,13.0,Low,2.5
SUP-0746,Geeta Yadav,Support Team 3,2026-09-04,Technical Support,Resolved,20,23.0,20.0,Medium,1.2
SUP-0747,Bhavna Patel,Support Team 3,2026-09-16,Customer Service,Resolved,14,15.0,14.0,Critical,1.2
SUP-0748,Priya Sharma,Support Team 3,2026-09-02,Billing Support,Resolved,25,22.0,25.0,Low,3.1
SUP-0749,Priya Sharma,Support Team 2,2026-09-11,Technical Support,Pending,5,14.0,5.0,Critical,0.0
SUP-0750,Ravi Menon,Support Team 2,2026-09-03,Customer Service,Escalated,4,21.0,4.0,Critical,0.0
SUP-0751,Tarun Kapoor,Support Team 2,2026-09-05,Customer Service,Resolved,16,16.0,16.0,Medium,2.3
SUP-0752,Ravi Menon,Support Team 2,2026-09-08,Billing Support,Resolved,5,5.0,5.0,Critical,2.1
SUP-0753,Amit Patel,Support Team 2,2026-09-21,Customer Service,Resolved,10,12.0,10.0,Critical,1.5
SUP-0754,Siddharth Rao,Support Team 2,2026-09-08,Billing Support,Resolved,9,10.0,9.0,Low,2.9
SUP-0755,Sneha Reddy,Support Team 2,2026-09-10,Technical Support,Resolved,20,24.0,20.0,Medium,0.9
SUP-0756,Neha Agarwal,Support Team 2,2026-09-06,Customer Service,Resolved,10,10.0,10.0,Critical,1.8
SUP-0757,Meera Pillai,Support Team 1,2026-09-11,Technical Support,Resolved,18,21.0,18.0,High,2.9
SUP-0758,Amit Patel,Support Team 3,2026-09-22,Customer Service,Resolved,8,8.0,8.0,High,2.6
SUP-0759,Ramesh Pandey,Support Team 1,2026-09-11,Billing Support,Pending,14,25.0,14.0,Critical,0.0
SUP-0760,Siddharth Rao,Support Team 2,2026-09-02,Customer Service,Escalated,0,6.0,0.0,Low,0.0
SUP-0761,Vikram Singh,Support Team 2,2026-09-07,Technical Support,Resolved,20,20.0,20.0,Low,1.8
SUP-0762,Suresh Iyer,Support Team 3,2026-09-09,Billing Support,Resolved,8,8.0,8.0,High,2.2
SUP-0763,Anjali Singh,Support Team 1,2026-09-30,Technical Support,Resolved,26,23.0,26.0,Critical,1.8
SUP-0764,Suresh Iyer,Support Team 3,2026-09-25,Billing Support,Pending,14,25.0,14.0,Low,0.0
SUP-0765,Rahul Mishra,Support Team 1,2026-09-06,Billing Support,Resolved,15,13.0,15.0,High,2.0
SUP-0766,Bhavna Patel,Support Team 2,2026-09-25,Customer Service,Resolved,14,12.0,14.0,Critical,2.8
SUP-0767,Vikram Singh,Support Team 2,2026-09-04,Customer Service,Resolved,9,11.0,9.0,Low,3.4
SUP-0768,Anjali Singh,Support Team 1,2026-09-25,Customer Service,Pending,6,13.0,6.0,Low,0.0
SUP-0769,Ravi Menon,Support Team 2,2026-09-07,Billing Support,Resolved,25,21.0,25.0,Medium,2.0
SUP-0770,Lakshmi Bhat,Support Team 2,2026-09-15,Billing Support,Resolved,19,21.0,19.0,Critical,1.2
SUP-0771,Deepa Joshi,Support Team 2,2026-09-15,Technical Support,Pending,2,8.0,2.0,Low,0.0
SUP-0772,Divya Saxena,Support Team 1,2026-09-20,Technical Support,Escalated,2,16.0,2.0,Critical,0.0
SUP-0773,Rajesh Kumar,Support Team 1,2026-09-18,Technical Support,Resolved,15,16.0,15.0,Low,1.0
SUP-0774,Sunita Sharma,Support Team 2,2026-09-03,Billing Support,Pending,6,12.0,6.0,Low,0.0
SUP-0775,Geeta Yadav,Support Team 3,2026-09-12,Customer Service,Resolved,4,5.0,4.0,Low,1.3
SUP-0776,Priya Sharma,Support Team 3,2026-09-23,Customer Service,Resolved,11,13.0,11.0,High,1.1
SUP-0777,Pooja Gupta,Support Team 1,2026-09-27,Billing Support,Resolved,6,6.0,6.0,High,2.6
SUP-0778,Sneha Reddy,Support Team 3,2026-09-30,Technical Support,Resolved,13,13.0,13.0,Critical,1.9
SUP-0779,Vikram Singh,Support Team 3,2026-09-13,Customer Service,Pending,9,23.0,9.0,Medium,0.0
SUP-0780,Anita Desai,Support Team 2,2026-09-03,Customer Service,Pending,3,9.0,3.0,Low,0.0
SUP-0781,Suresh Iyer,Support Team 3,2026-09-21,Billing Support,Resolved,16,18.0,16.0,Low,2.1
SUP-0782,Priya Sharma,Support Team 1,2026-09-10,Customer Service,Resolved,9,8.0,9.0,Critical,1.1
SUP-0783,Rajesh Kumar,Support Team 1,2026-09-18,Customer Service,Resolved,22,25.0,22.0,Medium,3.3
SUP-0784,Tarun Kapoor,Support Team 1,2026-09-02,Billing Support,Resolved,12,12.0,12.0,Medium,2.9
SUP-0785,Amit Patel,Support Team 3,2026-09-12,Technical Support,Resolved,23,22.0,23.0,Critical,0.5
SUP-0786,Neha Agarwal,Support Team 3,2026-09-11,Technical Support,Resolved,18,20.0,18.0,Low,1.5
SUP-0787,Rajesh Kumar,Support Team 2,2026-09-07,Billing Support,Resolved,12,11.0,12.0,Critical,0.6
SUP-0788,Anita Desai,Support Team 1,2026-09-03,Technical Support,Resolved,18,17.0,18.0,Critical,2.7
SUP-0789,Alok Kumar,Support Team 1,2026-09-21,Customer Service,Resolved,8,10.0,8.0,High,2.9
SUP-0790,Manoj Tiwari,Support Team 3,2026-09-25,Customer Service,Resolved,9,8.0,9.0,Medium,0.8
SUP-0791,Lakshmi Bhat,Support Team 1,2026-09-16,Technical Support,Resolved,13,14.0,13.0,Medium,0.7
SUP-0792,Siddharth Rao,Support Team 1,2026-09-25,Customer Service,Resolved,8,9.0,8.0,Critical,0.9
SUP-0793,Rajesh Kumar,Support Team 1,2026-09-11,Technical Support,Resolved,22,23.0,22.0,Low,0.7
SUP-0794,Rahul Mishra,Support Team 2,2026-09-10,Billing Support,Pending,11,20.0,11.0,Critical,0.0
SUP-0795,Divya Saxena,Support Team 1,2026-09-07,Billing Support,Resolved,27,25.0,27.0,Medium,1.4
SUP-0796,Sunita Sharma,Support Team 1,2026-09-16,Customer Service,Resolved,20,19.0,20.0,Low,1.4
SUP-0797,Swati Kulkarni,Support Team 1,2026-09-09,Customer Service,Pending,7,16.0,7.0,High,0.0
SUP-0798,Sneha Reddy,Support Team 2,2026-09-02,Technical Support,Resolved,25,23.0,25.0,Low,1.5
SUP-0799,Anita Desai,Support Team 2,2026-09-18,Customer Service,Escalated,3,14.0,3.0,Critical,0.0
SUP-0800,Suresh Iyer,Support Team 2,2026-09-18,Customer Service,Pending,10,21.0,10.0,Medium,0.0
SUP-0801,Ravi Menon,Support Team 2,2026-09-13,Technical Support,Escalated,4,21.0,4.0,High,0.0
SUP-0802,Kiran Das,Support Team 2,2026-09-01,Billing Support,Resolved,22,19.0,22.0,Low,2.2
SUP-0803,Rahul Mishra,Support Team 1,2026-09-19,Technical Support,Resolved,28,24.0,28.0,Critical,0.9
SUP-0804,Deepa Joshi,Support Team 1,2026-09-02,Customer Service,Resolved,25,21.0,25.0,Medium,2.8
SUP-0805,Arjun Rao,Support Team 3,2026-09-24,Billing Support,Resolved,12,11.0,12.0,High,3.4
SUP-0806,Lakshmi Bhat,Support Team 2,2026-09-17,Customer Service,Resolved,6,6.0,6.0,Critical,0.9
SUP-0807,Manoj Tiwari,Support Team 2,2026-09-14,Technical Support,Resolved,4,5.0,4.0,Medium,3.5
SUP-0808,Geeta Yadav,Support Team 3,2026-09-16,Billing Support,Escalated,2,9.0,2.0,High,0.0
SUP-0809,Alok Kumar,Support Team 2,2026-09-01,Technical Support,Resolved,4,5.0,4.0,Critical,0.6
SUP-0810,Kavita Nair,Support Team 2,2026-09-24,Billing Support,Escalated,2,19.0,2.0,Low,0.0
SUP-0811,Divya Saxena,Support Team 1,2026-09-01,Billing Support,Resolved,28,23.0,28.0,Low,0.9
SUP-0812,Arjun Rao,Support Team 1,2026-09-01,Billing Support,Escalated,1,7.0,1.0,Medium,0.0
SUP-0813,Siddharth Rao,Support Team 1,2026-09-05,Billing Support,Resolved,21,19.0,21.0,Critical,2.2
SUP-0814,Geeta Yadav,Support Team 3,2026-09-20,Technical Support,Resolved,25,22.0,25.0,Low,1.5
SUP-0815,Bhavna Patel,Support Team 3,2026-09-14,Customer Service,Escalated,2,17.0,2.0,Low,0.0
SUP-0816,Rajesh Kumar,Support Team 3,2026-09-27,Billing Support,Resolved,11,12.0,11.0,Low,0.9
SUP-0817,Geeta Yadav,Support Team 1,2026-09-15,Technical Support,Escalated,5,21.0,5.0,High,0.0
SUP-0818,Amit Patel,Support Team 3,2026-09-20,Billing Support,Resolved,12,13.0,12.0,High,0.9
SUP-0819,Vikram Singh,Support Team 1,2026-09-07,Billing Support,Resolved,4,5.0,4.0,Medium,1.1
SUP-0820,Suresh Iyer,Support Team 2,2026-09-14,Technical Support,Resolved,20,17.0,20.0,High,2.3
SUP-0821,Deepa Joshi,Support Team 3,2026-09-29,Billing Support,Resolved,17,17.0,17.0,Low,0.9
SUP-0822,Sneha Reddy,Support Team 1,2026-09-18,Technical Support,Resolved,28,25.0,28.0,Low,2.9
SUP-0823,Ashok Mehta,Support Team 3,2026-09-05,Technical Support,Resolved,21,21.0,21.0,High,3.3
SUP-0824,Rajesh Kumar,Support Team 1,2026-09-29,Customer Service,Resolved,20,21.0,20.0,Critical,3.2
SUP-0825,Suresh Iyer,Support Team 3,2026-09-11,Technical Support,Resolved,17,16.0,17.0,High,1.1
SUP-0826,Anita Desai,Support Team 1,2026-09-12,Customer Service,Resolved,12,14.0,12.0,Medium,2.4
SUP-0827,Lakshmi Bhat,Support Team 3,2026-09-11,Technical Support,Resolved,22,18.0,22.0,High,2.4
SUP-0828,Pooja Gupta,Support Team 3,2026-09-01,Customer Service,Resolved,15,17.0,15.0,Critical,0.6
SUP-0829,Divya Saxena,Support Team 1,2026-09-08,Technical Support,Resolved,15,18.0,15.0,Medium,0.8
SUP-0830,Sanjay Verma,Support Team 1,2026-09-15,Technical Support,Resolved,9,10.0,9.0,Critical,3.2
SUP-0831,Amit Patel,Support Team 2,2026-09-03,Technical Support,Resolved,15,13.0,15.0,Low,2.6
SUP-0832,Neha Agarwal,Support Team 3,2026-09-14,Customer Service,Resolved,14,12.0,14.0,High,2.8
SUP-0833,Deepa Joshi,Support Team 2,2026-09-24,Technical Support,Escalated,3,14.0,3.0,Medium,0.0
SUP-0834,Kiran Das,Support Team 2,2026-09-08,Billing Support,Resolved,4,5.0,4.0,Medium,0.8
SUP-0835,Rajesh Kumar,Support Team 2,2026-09-16,Billing Support,Resolved,31,25.0,31.0,High,3.4
SUP-0836,Neha Agarwal,Support Team 1,2026-09-09,Technical Support,Resolved,15,18.0,15.0,Medium,3.5
SUP-0837,Anita Desai,Support Team 2,2026-09-25,Technical Support,Resolved,10,9.0,10.0,Medium,2.5
SUP-0838,Arjun Rao,Support Team 2,2026-09-01,Billing Support,Resolved,20,18.0,20.0,High,1.7
SUP-0839,Sunita Sharma,Support Team 3,2026-09-26,Customer Service,Escalated,1,9.0,1.0,Low,0.0
SUP-0840,Sunita Sharma,Support Team 3,2026-09-29,Customer Service,Pending,10,18.0,10.0,Critical,0.0
SUP-0841,Sanjay Verma,Support Team 2,2026-09-26,Billing Support,Resolved,22,19.0,22.0,Low,2.5
SUP-0842,Ramesh Pandey,Support Team 1,2026-09-12,Technical Support,Resolved,9,8.0,9.0,Critical,1.4
SUP-0843,Deepa Joshi,Support Team 1,2026-09-05,Technical Support,Resolved,15,13.0,15.0,High,1.4
SUP-0844,Geeta Yadav,Support Team 2,2026-09-29,Billing Support,Resolved,20,22.0,20.0,Low,0.8
SUP-0845,Manoj Tiwari,Support Team 3,2026-09-14,Customer Service,Resolved,14,16.0,14.0,Medium,1.3
SUP-0846,Rajesh Kumar,Support Team 2,2026-09-22,Billing Support,Resolved,15,14.0,15.0,Low,0.8
SUP-0847,Sneha Reddy,Support Team 3,2026-09-23,Billing Support,Resolved,11,11.0,11.0,Medium,0.7
SUP-0848,Kiran Das,Support Team 1,2026-09-01,Billing Support,Resolved,13,14.0,13.0,High,2.5
SUP-0849,Sanjay Verma,Support Team 3,2026-09-26,Technical Support,Resolved,22,21.0,22.0,Critical,2.3
SUP-0850,Lakshmi Bhat,Support Team 1,2026-09-13,Customer Service,Resolved,4,5.0,4.0,Low,0.8
SUP-0851,Priya Sharma,Support Team 1,2026-09-03,Technical Support,Pending,6,16.0,6.0,High,0.0
SUP-0852,Amit Patel,Support Team 3,2026-09-06,Technical Support,Pending,4,8.0,4.0,Low,0.0
SUP-0853,Deepa Joshi,Support Team 3,2026-09-24,Billing Support,Resolved,12,12.0,12.0,Critical,0.8
SUP-0854,Priya Sharma,Support Team 1,2026-09-07,Technical Support,Resolved,9,11.0,9.0,Low,1.8
SUP-0855,Amit Patel,Support Team 1,2026-09-26,Customer Service,Resolved,4,5.0,4.0,Critical,3.3
SUP-0856,Siddharth Rao,Support Team 1,2026-09-08,Technical Support,Resolved,22,20.0,22.0,Critical,2.3
SUP-0857,Tarun Kapoor,Support Team 3,2026-09-18,Customer Service,Resolved,9,8.0,9.0,Medium,2.8
SUP-0858,Tarun Kapoor,Support Team 2,2026-09-22,Billing Support,Resolved,6,6.0,6.0,High,1.3
SUP-0859,Bhavna Patel,Support Team 3,2026-09-15,Billing Support,Resolved,19,16.0,19.0,Low,2.4
SUP-0860,Ravi Menon,Support Team 2,2026-09-11,Technical Support,Resolved,11,10.0,11.0,Medium,0.6
SUP-0861,Lakshmi Bhat,Support Team 3,2026-09-22,Customer Service,Resolved,5,5.0,5.0,Low,2.8
SUP-0862,Ashok Mehta,Support Team 1,2026-09-15,Technical Support,Escalated,1,8.0,1.0,Low,0.0
SUP-0863,Tarun Kapoor,Support Team 3,2026-09-16,Technical Support,Resolved,12,11.0,12.0,Critical,3.1
SUP-0864,Suresh Iyer,Support Team 2,2026-09-16,Technical Support,Resolved,19,20.0,19.0,Critical,1.2
SUP-0865,Alok Kumar,Support Team 2,2026-09-18,Technical Support,Pending,1,5.0,1.0,High,0.0
SUP-0866,Lakshmi Bhat,Support Team 1,2026-09-22,Billing Support,Resolved,18,16.0,18.0,Low,1.9
SUP-0867,Rajesh Kumar,Support Team 1,2026-09-21,Customer Service,Resolved,12,14.0,12.0,Medium,2.8
SUP-0868,Alok Kumar,Support Team 2,2026-09-06,Technical Support,Escalated,1,8.0,1.0,Low,0.0
SUP-0869,Anjali Singh,Support Team 2,2026-09-20,Billing Support,Resolved,21,22.0,21.0,Critical,1.9
SUP-0870,Swati Kulkarni,Support Team 2,2026-09-01,Customer Service,Pending,5,16.0,5.0,Low,0.0
SUP-0871,Kavita Nair,Support Team 3,2026-09-28,Customer Service,Resolved,7,9.0,7.0,Low,0.7
SUP-0872,Siddharth Rao,Support Team 2,2026-09-29,Customer Service,Pending,5,17.0,5.0,Critical,0.0
SUP-0873,Sunita Sharma,Support Team 1,2026-09-07,Technical Support,Resolved,26,25.0,26.0,Medium,1.3
SUP-0874,Deepa Joshi,Support Team 1,2026-09-23,Billing Support,Resolved,25,24.0,25.0,Medium,1.2
SUP-0875,Deepa Joshi,Support Team 3,2026-09-28,Customer Service,Resolved,10,12.0,10.0,Low,1.4
SUP-0876,Geeta Yadav,Support Team 2,2026-09-20,Technical Support,Pending,8,15.0,8.0,Low,0.0
SUP-0877,Vikram Singh,Support Team 1,2026-09-12,Technical Support,Resolved,18,16.0,18.0,Critical,2.6
SUP-0878,Ashok Mehta,Support Team 2,2026-09-13,Billing Support,Pending,6,12.0,6.0,High,0.0
SUP-0879,Kavita Nair,Support Team 2,2026-09-18,Technical Support,Resolved,12,15.0,12.0,High,0.9
SUP-0880,Sunita Sharma,Support Team 2,2026-09-14,Customer Service,Resolved,9,9.0,9.0,Critical,3.0
SUP-0881,Bhavna Patel,Support Team 1,2026-09-11,Customer Service,Resolved,14,15.0,14.0,Low,2.8
SUP-0882,Vikram Singh,Support Team 3,2026-09-25,Technical Support,Escalated,3,20.0,3.0,Low,0.0
SUP-0883,Vikram Singh,Support Team 1,2026-09-19,Customer Service,Resolved,21,20.0,21.0,High,1.5
SUP-0884,Vikram Singh,Support Team 2,2026-09-28,Billing Support,Resolved,24,24.0,24.0,Critical,1.2
SUP-0885,Rajesh Kumar,Support Team 1,2026-09-10,Customer Service,Resolved,18,16.0,18.0,Critical,1.8
SUP-0886,Kiran Das,Support Team 1,2026-09-02,Customer Service,Resolved,6,8.0,6.0,Critical,1.1
SUP-0887,Sneha Reddy,Support Team 2,2026-09-13,Customer Service,Resolved,21,20.0,21.0,Medium,2.4
SUP-0888,Neha Agarwal,Support Team 3,2026-09-24,Technical Support,Resolved,19,20.0,19.0,Low,3.4
SUP-0889,Tarun Kapoor,Support Team 1,2026-09-29,Customer Service,Resolved,8,7.0,8.0,High,2.0
SUP-0890,Ashok Mehta,Support Team 2,2026-09-22,Technical Support,Resolved,10,10.0,10.0,Critical,1.5
SUP-0891,Swati Kulkarni,Support Team 3,2026-09-13,Technical Support,Pending,4,10.0,4.0,High,0.0
SUP-0892,Priya Sharma,Support Team 2,2026-09-14,Customer Service,Resolved,5,5.0,5.0,Medium,3.2
SUP-0893,Vikram Singh,Support Team 2,2026-09-03,Billing Support,Resolved,13,15.0,13.0,Critical,2.1
SUP-0894,Neha Agarwal,Support Team 2,2026-09-23,Technical Support,Resolved,8,9.0,8.0,Critical,2.1
SUP-0895,Divya Saxena,Support Team 1,2026-09-14,Billing Support,Resolved,13,13.0,13.0,Critical,3.3
SUP-0896,Rahul Mishra,Support Team 3,2026-09-08,Technical Support,Resolved,17,15.0,17.0,High,2.8
SUP-0897,Rajesh Kumar,Support Team 2,2026-09-26,Technical Support,Resolved,27,24.0,27.0,Critical,1.9
SUP-0898,Geeta Yadav,Support Team 1,2026-09-29,Customer Service,Resolved,19,19.0,19.0,Low,1.3
SUP-0899,Manoj Tiwari,Support Team 1,2026-09-22,Billing Support,Resolved,18,18.0,18.0,Critical,2.7
SUP-0900,Neha Agarwal,Support Team 3,2026-09-11,Customer Service,Resolved,21,18.0,21.0,Low,2.3
SUP-0901,Kavita Nair,Support Team 3,2026-09-09,Technical Support,Pending,7,20.0,7.0,Critical,0.0
SUP-0902,Geeta Yadav,Support Team 1,2026-09-15,Billing Support,Resolved,6,6.0,6.0,Medium,1.0
SUP-0903,Neha Agarwal,Support Team 1,2026-09-04,Technical Support,Pending,7,16.0,7.0,Critical,0.0
SUP-0904,Meera Pillai,Support Team 3,2026-09-04,Customer Service,Resolved,8,10.0,8.0,High,1.4
SUP-0905,Sneha Reddy,Support Team 2,2026-09-09,Billing Support,Resolved,20,22.0,20.0,Low,1.6
SUP-0906,Siddharth Rao,Support Team 2,2026-09-19,Technical Support,Resolved,9,10.0,9.0,Critical,3.2
SUP-0907,Rahul Mishra,Support Team 3,2026-09-01,Technical Support,Escalated,1,13.0,1.0,Critical,0.0
SUP-0908,Suresh Iyer,Support Team 2,2026-09-27,Technical Support,Resolved,18,22.0,18.0,Critical,0.7
SUP-0909,Alok Kumar,Support Team 1,2026-09-30,Technical Support,Pending,2,7.0,2.0,Medium,0.0
SUP-0910,Kiran Das,Support Team 1,2026-09-29,Customer Service,Resolved,5,6.0,5.0,Medium,1.1
SUP-0911,Meera Pillai,Support Team 2,2026-09-06,Customer Service,Escalated,3,17.0,3.0,Low,0.0
SUP-0912,Bhavna Patel,Support Team 2,2026-09-06,Billing Support,Resolved,19,19.0,19.0,Low,1.2
SUP-0913,Lakshmi Bhat,Support Team 1,2026-09-19,Technical Support,Resolved,14,15.0,14.0,High,1.0
SUP-0914,Divya Saxena,Support Team 3,2026-09-20,Billing Support,Resolved,22,24.0,22.0,Medium,2.3
SUP-0915,Kiran Das,Support Team 3,2026-09-06,Customer Service,Resolved,6,7.0,6.0,Critical,2.2
SUP-0916,Kavita Nair,Support Team 2,2026-09-21,Technical Support,Resolved,27,23.0,27.0,Critical,0.7
SUP-0917,Ashok Mehta,Support Team 2,2026-09-15,Customer Service,Resolved,10,10.0,10.0,High,1.0
SUP-0918,Pooja Gupta,Support Team 1,2026-09-19,Customer Service,Resolved,27,25.0,27.0,Low,0.6
SUP-0919,Sanjay Verma,Support Team 3,2026-09-14,Customer Service,Pending,9,18.0,9.0,High,0.0
SUP-0920,Tarun Kapoor,Support Team 2,2026-09-28,Technical Support,Resolved,18,22.0,18.0,Low,2.6
SUP-0921,Rahul Mishra,Support Team 1,2026-09-20,Technical Support,Resolved,8,7.0,8.0,High,2.8
SUP-0922,Alok Kumar,Support Team 1,2026-09-20,Technical Support,Resolved,23,22.0,23.0,Medium,0.6
SUP-0923,Anita Desai,Support Team 1,2026-09-12,Technical Support,Resolved,8,10.0,8.0,High,1.0
SUP-0924,Amit Patel,Support Team 1,2026-09-05,Customer Service,Escalated,2,15.0,2.0,Low,0.0
SUP-0925,Sneha Reddy,Support Team 3,2026-09-29,Billing Support,Resolved,14,15.0,14.0,Low,2.9
SUP-0926,Kavita Nair,Support Team 2,2026-09-19,Billing Support,Pending,8,22.0,8.0,Medium,0.0
SUP-0927,Divya Saxena,Support Team 1,2026-09-25,Technical Support,Resolved,9,10.0,9.0,Medium,1.2
SUP-0928,Rahul Mishra,Support Team 2,2026-09-05,Technical Support,Pending,2,5.0,2.0,Medium,0.0
SUP-0929,Sneha Reddy,Support Team 1,2026-09-27,Customer Service,Resolved,6,7.0,6.0,Critical,2.2
SUP-0930,Tarun Kapoor,Support Team 2,2026-09-25,Billing Support,Resolved,26,24.0,26.0,Low,0.9
SUP-0931,Sneha Reddy,Support Team 1,2026-09-08,Customer Service,Resolved,7,7.0,7.0,High,1.4
SUP-0932,Suresh Iyer,Support Team 1,2026-09-03,Technical Support,Resolved,27,24.0,27.0,Low,1.3
SUP-0933,Rahul Mishra,Support Team 1,2026-09-29,Customer Service,Resolved,8,8.0,8.0,Critical,1.0
SUP-0934,Amit Patel,Support Team 3,2026-09-08,Technical Support,Resolved,13,12.0,13.0,Critical,0.9
SUP-0935,Bhavna Patel,Support Team 2,2026-09-16,Customer Service,Resolved,23,21.0,23.0,Critical,1.7
SUP-0936,Sneha Reddy,Support Team 1,2026-09-23,Technical Support,Pending,6,18.0,6.0,Medium,0.0
SUP-0937,Rajesh Kumar,Support Team 1,2026-09-19,Billing Support,Resolved,26,22.0,26.0,Medium,1.4
SUP-0938,Suresh Iyer,Support Team 1,2026-09-07,Technical Support,Resolved,6,7.0,6.0,High,1.2
SUP-0939,Pooja Gupta,Support Team 1,2026-09-11,Technical Support,Resolved,8,9.0,8.0,High,2.4
SUP-0940,Kavita Nair,Support Team 3,2026-09-27,Technical Support,Resolved,19,19.0,19.0,Medium,2.3
SUP-0941,Suresh Iyer,Support Team 2,2026-09-20,Technical Support,Resolved,15,13.0,15.0,Low,1.0
SUP-0942,Sanjay Verma,Support Team 3,2026-09-08,Billing Support,Pending,13,25.0,13.0,High,0.0
SUP-0943,Ashok Mehta,Support Team 3,2026-09-26,Technical Support,Resolved,4,5.0,4.0,Critical,2.1
SUP-0944,Priya Sharma,Support Team 2,2026-09-16,Billing Support,Resolved,21,23.0,21.0,Medium,1.1
SUP-0945,Tarun Kapoor,Support Team 1,2026-09-19,Billing Support,Escalated,3,18.0,3.0,High,0.0
SUP-0946,Bhavna Patel,Support Team 3,2026-09-02,Technical Support,Resolved,24,22.0,24.0,High,3.4
SUP-0947,Priya Sharma,Support Team 3,2026-09-11,Billing Support,Resolved,18,16.0,18.0,Medium,2.1
SUP-0948,Tarun Kapoor,Support Team 2,2026-09-23,Customer Service,Resolved,18,20.0,18.0,Low,2.9
SUP-0949,Geeta Yadav,Support Team 3,2026-09-09,Customer Service,Resolved,26,23.0,26.0,Medium,1.6
SUP-0950,Bhavna Patel,Support Team 3,2026-09-28,Customer Service,Resolved,8,7.0,8.0,Medium,1.7
SUP-0951,Anita Desai,Support Team 1,2026-09-28,Customer Service,Resolved,8,8.0,8.0,Critical,1.6
SUP-0952,Anita Desai,Support Team 2,2026-09-15,Technical Support,Resolved,11,11.0,11.0,Medium,1.3
SUP-0953,Ramesh Pandey,Support Team 1,2026-09-03,Technical Support,Pending,6,12.0,6.0,Low,0.0
SUP-0954,Deepa Joshi,Support Team 3,2026-09-19,Technical Support,Resolved,5,5.0,5.0,Critical,2.5
SUP-0955,Anita Desai,Support Team 3,2026-09-15,Technical Support,Resolved,14,17.0,14.0,High,3.3
SUP-0956,Siddharth Rao,Support Team 1,2026-09-19,Customer Service,Resolved,8,10.0,8.0,Low,3.0
SUP-0957,Rajesh Kumar,Support Team 3,2026-09-08,Billing Support,Resolved,7,7.0,7.0,Medium,1.2
SUP-0958,Lakshmi Bhat,Support Team 3,2026-09-06,Technical Support,Resolved,16,19.0,16.0,Medium,3.3
SUP-0959,Arjun Rao,Support Team 1,2026-09-23,Technical Support,Resolved,6,5.0,6.0,Critical,0.9
SUP-0960,Swati Kulkarni,Support Team 1,2026-09-11,Customer Service,Resolved,9,8.0,9.0,Low,2.7
SUP-0961,Neha Agarwal,Support Team 2,2026-09-28,Technical Support,Resolved,12,11.0,12.0,High,2.6
SUP-0962,Rajesh Kumar,Support Team 1,2026-09-19,Customer Service,Resolved,9,10.0,9.0,Critical,1.8
SUP-0963,Siddharth Rao,Support Team 2,2026-09-22,Technical Support,Pending,2,8.0,2.0,Medium,0.0
SUP-0964,Anjali Singh,Support Team 2,2026-09-04,Technical Support,Resolved,22,24.0,22.0,Critical,2.6
SUP-0965,Deepa Joshi,Support Team 1,2026-09-07,Billing Support,Resolved,15,16.0,15.0,Low,3.0
SUP-0966,Sunita Sharma,Support Team 3,2026-09-07,Customer Service,Resolved,22,20.0,22.0,High,1.7
SUP-0967,Neha Agarwal,Support Team 2,2026-09-29,Technical Support,Resolved,12,11.0,12.0,Medium,2.3
SUP-0968,Divya Saxena,Support Team 1,2026-09-27,Customer Service,Pending,3,7.0,3.0,High,0.0
SUP-0969,Sneha Reddy,Support Team 3,2026-09-18,Customer Service,Resolved,8,7.0,8.0,Medium,2.0
SUP-0970,Anita Desai,Support Team 2,2026-09-23,Technical Support,Resolved,9,10.0,9.0,High,1.2
SUP-0971,Suresh Iyer,Support Team 2,2026-09-03,Customer Service,Resolved,12,13.0,12.0,Medium,2.8
SUP-0972,Sanjay Verma,Support Team 2,2026-09-19,Customer Service,Resolved,4,5.0,4.0,High,3.1
SUP-0973,Geeta Yadav,Support Team 1,2026-09-13,Technical Support,Resolved,19,23.0,19.0,Medium,2.6
SUP-0974,Ravi Menon,Support Team 3,2026-09-14,Billing Support,Resolved,7,7.0,7.0,Low,3.4
SUP-0975,Divya Saxena,Support Team 2,2026-09-08,Billing Support,Pending,14,25.0,14.0,Critical,0.0
SUP-0976,Geeta Yadav,Support Team 2,2026-09-06,Technical Support,Resolved,12,13.0,12.0,Low,2.8
SUP-0977,Siddharth Rao,Support Team 1,2026-09-19,Technical Support,Resolved,6,7.0,6.0,High,1.8
SUP-0978,Neha Agarwal,Support Team 3,2026-09-21,Customer Service,Resolved,13,14.0,13.0,High,2.0
SUP-0979,Suresh Iyer,Support Team 1,2026-09-15,Technical Support,Resolved,15,17.0,15.0,High,2.8
SUP-0980,Alok Kumar,Support Team 2,2026-09-09,Customer Service,Pending,4,9.0,4.0,Critical,0.0
SUP-0981,Tarun Kapoor,Support Team 1,2026-09-13,Billing Support,Escalated,1,7.0,1.0,High,0.0
SUP-0982,Alok Kumar,Support Team 3,2026-09-03,Billing Support,Resolved,24,21.0,24.0,Low,2.2
SUP-0983,Vikram Singh,Support Team 2,2026-09-16,Billing Support,Resolved,6,8.0,6.0,High,2.1
SUP-0984,Priya Sharma,Support Team 3,2026-09-15,Billing Support,Pending,9,22.0,9.0,High,0.0
SUP-0985,Kavita Nair,Support Team 2,2026-09-14,Customer Service,Resolved,5,6.0,5.0,High,1.2
SUP-0986,Sunita Sharma,Support Team 2,2026-09-19,Billing Support,Resolved,5,5.0,5.0,Medium,2.4
SUP-0987,Rajesh Kumar,Support Team 2,2026-09-16,Billing Support,Pending,3,8.0,3.0,Medium,0.0
SUP-0988,Anita Desai,Support Team 3,2026-09-06,Customer Service,Resolved,24,20.0,24.0,Low,2.4
SUP-0989,Divya Saxena,Support Team 1,2026-09-25,Billing Support,Resolved,26,25.0,26.0,High,1.5
SUP-0990,Swati Kulkarni,Support Team 3,2026-09-26,Technical Support,Resolved,11,11.0,11.0,Medium,1.1
SUP-0991,Ashok Mehta,Support Team 3,2026-09-23,Billing Support,Pending,11,21.0,11.0,Critical,0.0
SUP-0992,Rajesh Kumar,Support Team 3,2026-09-28,Customer Service,Pending,9,25.0,9.0,Low,0.0
SUP-0993,Bhavna Patel,Support Team 3,2026-09-21,Customer Service,Resolved,10,9.0,10.0,Low,2.6
SUP-0994,Suresh Iyer,Support Team 3,2026-09-28,Billing Support,Resolved,7,7.0,7.0,Critical,1.7
SUP-0995,Rajesh Kumar,Support Team 2,2026-09-13,Technical Support,Resolved,6,6.0,6.0,Medium,1.7
SUP-0996,Rahul Mishra,Support Team 3,2026-09-29,Technical Support,Resolved,24,23.0,24.0,Low,2.8
SUP-0997,Swati Kulkarni,Support Team 3,2026-09-27,Billing Support,Escalated,2,20.0,2.0,Medium,0.0
SUP-0998,Meera Pillai,Support Team 3,2026-09-11,Technical Support,Resolved,12,12.0,12.0,Low,1.9
SUP-0999,Lakshmi Bhat,Support Team 2,2026-09-27,Customer Service,Resolved,10,10.0,10.0,Low,1.4
SUP-1000,Ravi Menon,Support Team 3,2026-09-23,Billing Support,Resolved,14,12.0,14.0,Medium,0.8
SUP-1001,Invalid Date Emp,Support Team 1,2026-13-45,Technical Support,Resolved,10,10.0,10.0,High,2.0
SUP-1002,,Support Team 2,2026-09-18,Customer Service,Resolved,15,15.0,15.0,Medium,1.0
SUP-1003,Bad Ticket Count,Support Team 3,2026-09-18,Billing Support,Pending,XYZ,12.0,5.0,High,0.0
SUP-1004,Bad Target Emp,Support Team 1,2026-09-18,Technical Support,Resolved,10,NaN_Value,10.0,Low,1.5
SUP-1005,Bad Date Emp 2,Support Team 2,2026-09-99,Customer Service,Resolved,12,12.0,12.0,Medium,0.8
SUP-1006,Empty Dept Emp,Support Team 3,2026-09-18,,Billing Support,10,10.0,10.0,Low,1.0
SUP-1007,Empty Status Emp,Support Team 1,2026-09-18,Technical Support,,10,10.0,10.0,High,2.0
SUP-0010,Duplicate ID Emp,Support Team 2,2026-09-18,Customer Service,Resolved,15,15.0,15.0,Medium,1.0
